,year,USD/CHF,USD/EUR,USD/GBP,USD/HKD,USD/KRW,USD/MXN,USD/NZD,USD/XAG,USD/XAU,USD/XPT,USD/CAD,USD/JPY,USD/AUD
0,2007.0027397260276,0.824606250515379,1.3286917700831762,1.9735543714229324,0.1285347043701799,0.0010807772950305,0.0927988121752041,0.7083658000991713,,,,0.8584427847883939,0.0084160915670762,0.7958615200955034
1,2007.0054794520547,0.8153946510110894,1.3169504694928424,1.9499259028156928,0.1284208093079402,0.0010795755109091,0.092910898448388,0.7051191651389085,12.91005564233982,642.5909266161162,1136.0021811241877,0.8547739123001966,0.0083612040133779,0.7913270554720265
2,2007.0082191780823,0.8120178643930166,1.309346112551392,1.9441636208103272,0.1283911307406884,0.001073341419172,0.0920386562356189,0.6978854072161351,12.620048208584157,628.693574751666,1128.0061363533816,0.8498342823149485,0.0083829323497359,0.7858546168958743
3,2007.0109589041097,0.8086689309396734,1.3003901170351104,1.9304273966256127,0.1283515806497157,0.0010701825731469,0.0911992704058367,0.6871907641561297,12.7000254000508,609.4959468519535,1119.996416011469,0.8507018290089324,0.0084182170216348,0.7796055196070788
4,2007.019178082192,0.8091924259588931,1.3022020236219447,1.9382850054271976,0.1282906553086673,0.001065632292921,0.0911078717201166,0.6879471656576774,12.21001221001221,609.4959468519535,1119.996416011469,0.8491126772522714,0.0084395307620896,0.7811889696117491
5,2007.021917808219,0.8052178114179885,1.29939318338336,1.9398265795037923,0.1282429434320376,0.0010650080940615,0.0907194048807039,0.6895600606812854,12.360022742441846,609.6074128261399,1123.002459375386,0.8486082824168365,0.008371703641691,0.7793624814901411
6,2007.024657534247,0.8025038118931065,1.2939121433654657,1.9334132477475736,0.128223210965649,0.0010660867154934,0.0907276356378152,0.6873324627122138,12.4500441976569,608.3835249741437,1143.000834390609,0.8494733265375467,0.0083654007026936,0.7765783955890346
7,2007.027397260274,0.8010253123998718,1.2903392301836154,1.9438990727601424,0.1282396542658921,0.0010652917301402,0.0912242291552636,0.6926646810279143,12.410027302060064,611.9951040391677,1143.000834390609,0.8501955449753444,0.0082987551867219,0.7821666014861166
8,2007.0301369863012,0.8008970046452026,1.2924238116163052,1.9568322799052893,0.1282166348262023,0.0010639203336454,0.0910083727702948,0.6914194842010648,12.429926290537098,619.7322756569163,1136.9967368193654,0.8545547769612033,0.0083028894055131,0.7825338445887784
9,2007.0383561643837,0.8014747134727899,1.293209357662912,1.964366393619738,0.1282281435129382,0.0010658367351289,0.0914327512114839,0.6945409084595083,12.884937508053088,626.9985579033169,,0.856091088091773,0.0083001328021248,0.7835762419683435
10,2007.041095890411,0.801153661272232,1.2915891713163876,1.9605920988138417,0.1281886937572106,0.0010693014253788,0.0910083727702948,0.6947821857847565,12.839937341105774,627.0378730875345,,0.8513536523071683,0.0082884376295068,0.7827175954915466
11,2007.0438356164384,0.8027614995584812,1.2947162629309787,1.9720365221163891,0.1281328481369484,0.0010675662691761,0.0915918666422421,0.690894016857814,12.550043297649376,626.4879087833605,,0.8520064752492119,0.0082960013273602,0.7865963973884998
12,2007.0465753424655,0.7998720204767238,1.2940795858945324,1.9711424741780337,0.1280344156509269,0.0010679082880362,0.091558322651529,0.6944444444444444,12.839937341105774,635.0012700025401,,0.8509189925119128,0.0082419846699085,0.7881462799495587
13,2007.049315068493,0.8012820512820513,1.296764572391882,1.9759331344227309,0.1280819724623759,0.0010682619378271,0.0918105031215571,0.6954102920723227,12.720056985855296,629.009938357026,,0.8532423208191127,0.0082494637848539,0.7892659826361484
14,2007.0575342465756,0.8010253123998718,1.2956892418922246,1.977105122679373,0.1282445880783831,0.0010638637403321,0.0916758342500916,0.6993985172751433,12.865045670912131,639.0184676337146,,0.8504124500382686,0.0082257135806531,0.7892659826361484
15,2007.0602739726028,0.8061265618702137,1.3024733969808668,1.9845995078193224,0.128200197428304,0.0010638071530392,0.0912325517744731,0.7020992768377449,13.09003324868445,642.5083526085839,,0.8463100880162492,0.0082277439526081,0.7920792079207921
16,2007.06301369863,0.801153661272232,1.2961762799740766,1.9672647151400693,0.1281443417865884,0.0010681706509431,0.0913408841797588,0.6963788300835655,13.199926080413949,642.0958006934635,,0.8457374830852504,0.0082795164762377,0.7816163826793809
17,2007.0657534246573,0.8038585209003215,1.2978922230297996,1.970482176988709,0.1280967386570337,0.0010684902233144,0.0909752547307132,0.699741095794556,13.380074393213626,651.7630189663039,,0.8486803021301876,0.0082665123584359,0.7774840615767377
18,2007.0684931506848,0.7977662544874351,1.290972231187307,1.959746800713348,0.1280508105616308,0.0010628912768512,0.0905223137503394,0.6950236308034473,13.219993918802796,645.4944487477408,,0.8476012883539583,0.0082277439526081,0.7723200494284832
19,2007.0767123287671,0.7981482959533882,1.2946827379950543,1.9590557351356648,0.1280147472988888,0.0010629703643862,0.0901306894997746,0.6972042111134352,13.249947000212,644.7453255963894,,0.8463100880162492,0.0082095066086528,0.772499034376207
20,2007.0794520547945,0.7979572294924991,1.295320008808176,1.961553550411926,0.1280360549530748,0.001060602846658,0.0904895484571532,0.6889424733034791,13.14993556531573,645.2029163171817,,0.8464533604198409,0.0082149018319231,0.7723200494284832
21,2007.0821917808216,0.8019246190858058,1.2998661137902796,1.9608996607643585,0.1280688498136598,0.0010617401921749,0.0905715062041481,0.6854009595613434,13.36005344021376,650.4911207962011,,0.8480325644504749,0.0082624142774518,0.7739339060444238
22,2007.0849315068488,0.8045699573577924,1.3020833333333333,1.9685426878481855,0.1281262812628126,0.0010676346554209,0.0910249408337884,0.6814310051107325,13.579945137021648,660.1967386281112,,0.8507018290089324,0.0082863771958899,0.7744733581164809
23,2007.0876712328768,0.8014747134727899,1.2959075240390845,1.9663749877101568,0.1280868941489907,0.001066905653533,0.0908925649881839,0.679671039217019,13.660082506898345,645.7028475495576,,0.8447372867038352,0.0082624142774518,0.7746533426291735
24,2007.0958904109589,0.801153661272232,1.293192633974757,1.9599772642637343,0.1280540900476361,0.0010687071849184,0.0914745700695206,0.683526999316473,13.289919595986444,649.3928177154361,,0.8461668641056016,0.0083090984628167,0.7768800497203232
25,2007.0986301369865,0.8054123711340206,1.2968654761441594,1.9692792437967703,0.1280524502836361,0.0010719147613381,0.0915415598681801,0.6797634423220719,13.660082506898345,653.2532009406847,,0.8460236886632826,0.0083090984628167,0.7768197001475957
26,2007.1013698630136,0.8065166545689169,1.3019816160195818,1.969861124790702,0.1279868941420398,0.0010715472070122,0.0913742690058479,0.6850253459377997,13.65001365001365,653.765690376569,,0.8437394532568343,0.0082877507044588,0.7785130400934216
27,2007.1041095890407,0.8017317405596087,1.3034750645220157,1.9585569352501075,0.1279688779688779,0.0010697704272663,0.0911992704058367,0.6863417982155113,13.529968881071571,655.9958016268696,,0.843668269636379,0.0082508250825082,0.7811279487580065
28,2007.1068493150683,0.800768737988469,1.3003732071104408,1.950610541099364,0.1279868941420398,0.0010699421161315,0.0912325517744731,0.683526999316473,13.840064217897972,664.4959797993222,,0.851861316977596,0.0082236842105263,0.7764577995185962
29,2007.1150684931504,0.7978935609989627,1.2962770921912268,1.9473059022841896,0.1279737909676098,0.0010667463170583,0.0908430232558139,0.6853539853334247,13.779988700409266,664.5401382243488,,0.8513536523071683,0.0082115289866973,0.7726184037703778
30,2007.1178082191784,0.8007046200656578,1.3022359391074476,1.9442770205898936,0.1279688779688779,0.0010645205931508,0.0909669789866278,0.688752668916592,13.790060124662144,667.779632721202,,0.8557247989046722,0.0082481029363246,0.777363184079602
31,2007.120547945205,0.8065166545689169,1.3125254301802098,1.9625929778423248,0.1279819801371967,0.0010651782575814,0.0915918666422421,0.6944444444444444,13.960046347353872,668.2705159048382,,0.8576329331046313,0.0082781456953642,0.7833920877399139
32,2007.123287671233,0.8087997411840828,1.313939585057879,1.9529342837613517,0.1280573697016263,0.0010696788823995,0.0913325417846378,0.6938662225922841,13.979952747759713,664.7610184138802,,0.8591803419537761,0.0083696016069635,0.7844983133286264
33,2007.1260273972605,0.8102414519526819,1.3135771332492645,1.9498118431571352,0.1279983616209712,0.0010681478316599,0.0910000910000909,0.697495989398061,13.900086180534318,665.1147322913203,,0.8593280054996992,0.0083864475008386,0.7867820613690009
34,2007.1342465753423,0.8108327252087894,1.3145441161005365,1.9500780031201248,0.1279819801371967,0.0010679653124866,0.0910746812386156,0.7017051434987018,14.029968011672931,670.7357971694948,,0.8591803419537761,0.0083598060524995,0.7862253321802029
35,2007.13698630137,0.8083420903726456,1.3133873573332984,1.954766698594523,0.1279705155932073,0.0010659957999765,0.0911244760342628,0.7003782042302844,13.900086180534318,663.9224538573894,,0.8548469823901522,0.0083263946711074,0.7851142341210646
36,2007.1397260273973,0.8068420203324189,1.3124392996823897,1.952209901608621,0.1279901703549167,0.0010652803817964,0.0910249408337884,0.7060650992021464,13.740038472107722,661.24446207763,,0.861178091629349,0.0082637798529047,0.78976465013426
37,2007.1424657534249,0.8074283407347599,1.3133528585124965,1.9569471624266144,0.1280180249379112,0.0010649060220435,0.091082976591675,0.7054176072234764,14.250089063056643,676.5899864682003,,0.8608815426997245,0.0082426640290141,0.7895152376440866
38,2007.145205479452,0.8109642364771713,1.316361051509208,1.9638263192003296,0.1280573697016263,0.0010660298914781,0.0906371793709779,0.7066638400113066,14.280002284800364,683.0134553650706,1234.0042202944333,0.8631851532153646,0.0082583202576595,0.7918910357934749
39,2007.1534246575343,0.8110957904128477,1.3157721608926198,1.963016764163166,0.1279918085242544,0.0010655187478023,0.0903423976872346,0.7099247479767145,14.580022453234578,685.7299595419323,1236.0022742441845,0.8620689655172414,0.0082802020369297,0.7932101213611487
40,2007.1561643835616,0.8192020971573688,1.3244331426149607,1.966065705915892,0.1279770665096814,0.0010653825255958,0.0897021887334051,0.7047713017125943,14.490023618738498,676.178240584218,1236.0022742441845,0.8591803419537761,0.0084260195483653,0.7932101213611487
41,2007.158904109589,0.820411846747067,1.3229963220702248,1.961207319225716,0.1280065539355615,0.0010615373183444,0.0896619743566753,0.7010164738871363,14.31004135601952,664.1870350690755,1239.0038409119068,0.8547008547008548,0.0084502281561602,0.789141414141414
42,2007.1616438356164,0.8177952240758913,1.317332138952194,1.957905041605482,0.1280131085423147,0.0010620672076128,0.0893894699204433,0.6944444444444444,14.290001286100116,670.3760809814305,1248.0031948881788,0.8537522410996329,0.0085091899251191,0.7862253321802029
43,2007.164383561644,0.8214227041235419,1.3181308903974165,1.945638850516567,0.1279606904758858,0.0010601530861056,0.0894214432620942,0.688752668916592,13.529968881071571,651.890482398957,1202.99304670019,0.8508465923593976,0.0085587127695994,0.7833920877399139
44,2007.172602739726,0.8183975775431704,1.309380401194155,1.9233728265887056,0.1279557784829562,0.0010507181658663,0.0894934669769106,0.6782880010852608,13.529968881071571,636.7398917542183,1203.0075187969926,0.8466683600033866,0.0086192035855886,0.7727378100610462
45,2007.1753424657531,0.8168599901976802,1.3107190604765775,1.9268565262630544,0.1279525040305038,0.0010552753213313,0.0897102359379205,0.6805498843065196,12.93493726555426,643.7491953135059,1189.9945260251802,0.8503401360544218,0.0085822176450394,0.7736345350456445
46,2007.1780821917807,0.8190008190008189,1.3146996568633895,1.9312848838332144,0.1279115875107126,0.0010537963011749,0.0895977062987187,0.6837606837606838,12.890086234676913,646.4124111182934,1186.0004506801713,0.8484642796538265,0.0085888516705316,0.7763975155279503
47,2007.1808219178083,0.8137358613394091,1.3130252100840336,1.9299058205959552,0.1279885322275124,0.0010549969932585,0.0897343862167982,0.6846970215679562,13.09003324868445,654.2361792607131,1195.000119500012,0.8473858147614609,0.0085222430543719,0.7757951900698216
48,2007.183561643836,0.8107012565869477,1.3118194936376757,1.9317698875709923,0.1279688779688779,0.0010570377573886,0.0899038029308639,0.6914194842010648,13.070016076119774,652.2306287503261,1203.0075187969926,0.8538251366120219,0.0084631008801624,0.7805791897588011
49,2007.1917808219175,0.8162598971512529,1.3186871151081985,1.9292728570601745,0.127965602845955,0.001058839723431,0.0896378630333452,0.6930487213251091,12.970000389100012,647.7522995206633,1202.99304670019,,0.0085091899251191,0.7835148476063621
50,2007.194520547945,0.8183306055646481,1.3199229165016764,1.931881846106292,0.127957415772031,0.0010584474692521,0.0895896792689482,0.6974473427256243,12.920063566712749,650.7874528179096,1220.0031720082472,,0.0085521252031129,0.7870916961826053
51,2007.1972602739727,0.8237232289950577,1.3224364569282447,1.93371234095216,0.1279541412357811,0.001056658002071,0.0894134477825465,0.6903216899074969,12.65006135279756,643.2522835456066,1203.0075187969926,,0.0085925416738271,0.7857928650007858
52,2007.2,0.8234519104084322,1.32471386180585,1.9366333565729332,0.1280114698276965,0.0010579995344802,0.0897263346792283,0.6949270326615705,12.90006321030973,648.5084306095979,1214.9930137901708,,0.0085302396997355,0.7883326763894364
53,2007.2027397260276,0.8278831029058697,1.3307428206424825,1.9420869666543668,0.1280229417111546,0.0010587724592107,0.089605734767025,0.6976906439684644,13.070016076119774,653.2105297537396,1219.0067532974133,,0.0085601780517034,0.7947862025115244
54,2007.2109589041097,0.8247422680412372,1.329822601664938,1.946055345814035,0.1279983616209712,0.0010593893679683,0.0896860986547085,0.702000702000702,13.159972627256936,655.0075325866247,1226.0010298408652,,0.0085091899251191,0.7994244144216165
55,2007.213698630137,0.8237910865804432,1.3289742976370835,1.957905041605482,0.1279967232838839,0.001061943143564,0.0900414190527642,0.7041757622702627,13.249947000212,659.0220113351786,1230.9964916599988,,0.0085222430543719,0.8015389547932029
56,2007.2164383561644,0.8228420966016621,1.3304595407253663,1.9595931884540767,0.1280262197698088,0.0010658140154543,0.0902608538676775,0.7046223224351748,13.329956411042536,658.7615283267457,1231.9974374453302,,0.0084868030213018,0.8012820512820513
57,2007.219178082192,0.8254230293025175,1.3357733459786545,1.9671873155761888,0.1280475312435976,0.0010668601239691,0.0907935355002723,0.7143367383384528,13.375063531551776,662.9980773055759,1236.0022742441845,,0.0084925690021231,0.8082767539605561
58,2007.2219178082191,0.821557673348669,1.3302648557327763,1.962824111331384,0.1280245807194981,0.0010663822980538,0.0907770515613652,0.7123521869212138,13.3700564216381,656.2541015881349,1231.9974374453302,,0.0084860828241683,0.8063215610385422
59,2007.2301369863012,0.8234519104084322,1.3335289175745777,1.9692016856366428,0.1279885322275124,0.0010664846532858,0.0906536125464599,0.7160246312473149,13.259961546111516,662.9980773055759,1236.9960787224304,,0.0084853627492575,0.8095199546668825
60,2007.2328767123288,0.8242664029014177,1.335630617996287,1.966336322164543,0.1279868941420398,0.0010626766699963,0.0904731747037003,0.7182360123536594,13.34009231343881,664.0106241699867,1239.0038409119068,,0.0084882437823614,0.8088651621774651
61,2007.235616438356,0.8229775327133568,1.3331555792560992,1.960861210243539,0.1279737909676098,0.0010647699564509,0.0901550667147493,0.7106815436003127,13.36005344021376,666.7555674089879,1245.9972338861407,,0.0085601780517034,0.8063865817272801
62,2007.2383561643835,0.821962847279303,1.3335644845106485,1.9625929778423248,0.1279934467355271,0.00106321900185,0.0904322662325917,0.7143877696813831,13.339914357749825,660.9822195782933,1241.0027302060066,,0.0084918478260869,0.8077544426494346
63,2007.2410958904109,0.8246742536698005,1.3373274847544667,1.968697706467172,0.1279787043435972,0.0010625411734704,0.0905551027800416,0.7156659271452086,13.350065415320534,661.769571835087,1243.9977110442117,,0.0085055711491026,0.8103727714748784
64,2007.2493150684927,0.8237232289950577,1.3373453694416582,1.9784742006964229,0.1279459556283425,0.0010673839486801,0.0906536125464599,0.7213966238638002,13.334933525356377,658.2411795681937,1234.9948130217854,,0.0084961767204757,0.8165931732810714
65,2007.2520547945203,0.8202772537117545,1.3363802803725828,1.977965464722986,0.127950866867123,0.0010679995300802,0.0910746812386156,0.7205649228995533,13.28003612169825,664.2311524410495,1245.0044197656905,,0.0084146751935375,0.8130081300813008
66,2007.254794520548,0.8200082000820008,1.3363267051528758,1.9752306081735045,0.1279295875550097,0.0010678512696751,0.0909008271975275,0.7205649228995533,13.450080027976169,672.2689075630252,1248.0031948881788,,0.0084238901524724,0.8178621084485157
67,2007.2575342465752,0.8233841086867024,1.3425161437566286,1.9707151725361127,0.1279344975372609,0.0010722020886496,0.0909752547307132,0.7228044813877846,13.579945137021648,673.4913793103448,1251.0008006405124,,0.0084281500210703,0.8192020971573688
68,2007.268493150685,0.8162598971512529,1.336576759603304,1.96078431372549,0.127914859869271,0.0010718573143543,0.0911327804611318,0.7200979333189313,,,,,0.0083829323497359,0.8165931732810714
69,2007.271232876712,0.8220979940808945,1.3438150910434723,1.9717643347267133,0.1279918085242544,0.0010705606526137,0.090768811836253,0.7288098535092193,13.840064217897972,677.4149844194553,1262.0048208584155,,0.0083991264908449,0.8250825082508251
70,2007.27397260274,0.8200082000820008,1.3435803729779114,1.978591638471736,0.1279885322275124,0.0010724895700389,0.0910083727702948,0.72811999417504,13.920015590417462,678.195998643608,1265.006135279756,,0.0083773142330568,0.8259684480052861
71,2007.2767123287672,0.8225713580653121,1.348417631908955,1.97675338024828,0.127965602845955,0.0010736640934517,0.0908182726364544,0.7287036362311448,13.840064217897972,677.2314777190844,1265.006135279756,,0.0084026552390555,0.8275405494869249
72,2007.2794520547943,0.8226390259953932,1.3517532239314392,1.9827893881111949,0.1279983616209712,0.0010764494391698,0.090950432014552,0.7374087456677235,13.880021097632069,681.7562039814562,1265.9990631606931,,0.0083850410867013,0.8325008325008325
73,2007.2876712328768,0.8241305422778968,1.3549033953879088,1.9905251005215172,0.1279819801371967,0.0010760324531387,0.0909835319807114,0.7407407407407407,14.090063687087866,686.4831468387451,1275.9984688018374,,0.0083437630371297,0.832639467110741
74,2007.290410958904,0.8269930532583526,1.356833692894262,2.0060180541624875,0.1280049153887509,0.0010757893604432,0.0910249408337884,0.7442691277165824,13.960046347353872,687.9944960440317,1270.0025400050802,,0.0084061869535978,0.8366100560528738
75,2007.293150684932,0.8294625082946251,1.3572756762626057,2.004088340214037,0.1280409731113956,0.001077249566407,0.0909835319807114,0.7431076763022962,13.960046347353872,688.7526689165921,1281.0002049600328,,0.0084552295594825,0.835282325425994
76,2007.295890410959,0.8301510874979247,1.3605442176870748,2.002643489406016,0.1279819801371967,0.0010765537361797,0.0909090909090909,0.7436602959767978,13.83508577753182,681.8956699624957,1292.0063566712747,,0.0084473728670383,0.8353521009105338
77,2007.2986301369865,0.8277460475126232,1.360118602342124,2.0044498787307825,0.1279754287176862,0.0010777604138599,0.0910332271279016,0.7461572899567228,13.870010263807597,691.4194842010648,1317.0025023047544,,0.0084153833207102,0.8361903169161301
78,2007.3068493150688,0.8272667107875579,1.3578838737711152,2.00152115607862,0.127959053103007,0.0010795405475429,0.0912075884713608,0.7460459564309161,13.86001386001386,688.7052341597796,1317.9919075296878,,0.0084395307620896,0.8338197281747686
79,2007.309589041096,0.8310479514667997,1.362193676696953,2.002683596018665,0.1279443186325311,0.0010784578053383,0.0909256228405164,0.742555877329769,14.029968011672931,688.4207627702051,1321.003963011889,,0.0084373945325683,0.8283631544068919
80,2007.3123287671235,0.8313242996092776,1.3645543365536814,2.004048177318183,0.1279050432958571,0.0010794123679069,0.0914327512114839,0.7451009611802398,13.790060124662144,683.9945280437756,1307.0016076119773,,0.0084288604180714,0.8331250520703158
81,2007.3150684931504,0.8269930532583526,1.3590464929805248,1.9902873975001991,0.1278559830207254,0.001076600096894,0.0914996797511208,0.7371913011426465,13.660082506898345,672.9927989770509,1300.0013000013,,0.0083675006275625,0.8254911672445104
82,2007.317808219178,0.8276090374906895,1.3625091969370793,1.9982016185433111,0.1278527136738477,0.0010759398334445,0.0915415598681801,0.7409602845287493,13.350065415320534,677.5067750677506,1281.0002049600328,,0.0083612040133779,0.8310479514667997
83,2007.3260273972603,0.8290499088045101,1.3658589887180048,1.999920003199872,0.1278527136738477,0.0010743677345881,0.091533180778032,0.7423904974016333,13.5000135000135,677.0022341073725,1285.9916924936665,,0.008372404554588,0.8325008325008325
84,2007.328767123288,0.8229098090849243,1.359989120087039,1.9993602047344847,0.1278363694471077,0.0010740331017001,0.091441111923921,0.7416196974191634,13.450080027976169,673.5821096591675,1285.0001927500289,,0.0083479422322397,0.8286377195889957
85,2007.331506849315,0.8239268352970256,1.359600821198896,1.9908817615321823,0.1278478099670152,0.0010751300907409,0.0914578379367111,0.738606987222099,13.179919075296878,669.4784762669881,1285.0001927500289,,0.0083298625572678,0.8248102936324646
86,2007.3342465753424,0.8229775327133568,1.356557599435672,1.987794939074085,0.1278510790631073,0.0010785857583536,0.0917767988252569,0.7362143856290951,13.329956411042536,674.2179072276159,1299.0049621989556,,0.0083097889313611,0.8241984669908514
87,2007.33698630137,0.825559316436886,1.358751036047665,1.99314358606394,0.1278608873545582,0.0010777836457109,0.0918779860345461,0.7351319561861354,13.399975880043415,688.8001102080176,1310.9939956475,,0.0083215444786552,0.8205464839583163
88,2007.345205479452,0.8267195767195767,1.3615816132018954,1.9943758600745896,0.1279017714395344,0.0010839990894407,0.0921658986175115,0.7378440197742198,,,,,0.0083354171876302,0.8253549026081215
89,2007.3479452054796,0.8208832703989493,1.3531799729364005,1.9900497512437811,0.1279050432958571,0.0010834588339816,0.0921404220031327,0.7371369600471768,13.47999568640138,684.2285323297982,1328.0036121698251,,0.0083409792309617,0.8275405494869249
90,2007.3506849315067,0.821962847279303,1.3549401116470652,1.9963666127647683,0.1278788731313699,0.0010827901336163,0.0923702198411232,0.7343761474627305,13.450080027976169,683.0134553650706,1325.9961546111515,,0.0083465487021116,0.8284317786430287
91,2007.3534246575343,0.8200754469411186,1.3512235329090492,1.9831039543092848,0.1278674270516328,0.0010810109614511,0.0924812725423101,0.7326007326007326,13.289919595986444,673.4913793103448,,,0.0083070277454726,0.831946755407654
92,2007.3561643835617,0.8205464839583163,1.3518628670307684,1.9823177258851048,0.1278723322634681,0.0010794822802983,0.0924129008409574,0.733998825601879,13.040019820830128,668.985817500669,1323.9947569807623,,0.0083194675540765,0.8325008325008325
93,2007.364383561644,0.8200082000820008,1.3543162057477178,1.980119599223793,0.1280131085423147,0.0010822979349755,0.0926011667747013,0.7378984651711925,13.190001978500298,670.196367535688,1328.9919595986444,,0.0083090984628167,0.8331944675887353
94,2007.3671232876711,0.8239947264337508,1.3603036197679323,1.9860578737264405,0.1279688779688779,0.0010822627950518,0.0926440615156568,0.7386615452799528,13.019985678015754,668.2258603407952,1319.992608041395,,0.0083173916659735,0.8347245409015025
95,2007.3698630136987,0.8181966944853543,1.3520639255824016,1.9775352001265625,0.1279017714395344,0.0010826025765941,0.0926612305411415,0.7328691828508611,13.159972627256936,667.7350427350427,1325.9961546111515,,0.0082829454153897,0.8246742536698005
96,2007.372602739726,0.8149959250203749,1.3493637749800969,1.9746845441440728,0.1278657920646489,0.0010822627950518,0.0925583117363939,0.7304601899196493,12.90006321030973,656.7281802062126,1301.9985678015753,,0.0082433435001236,0.8218277449046679
97,2007.3753424657532,0.8151287903488752,1.3509679685494655,1.97546472807728,0.1278919568748321,0.001070377308001,0.0923361034164358,0.730887297178775,12.87001287001287,656.9870573549701,1307.9931461159142,,0.0082569564858393,0.8248102936324646
98,2007.386301369863,0.8128759551292473,1.3462936535717172,1.9767924565599857,0.1278232970741247,0.0010750838565408,0.0928591326957006,0.7274314395868189,13.070016076119774,661.9886137958428,1293.9958592132505,,0.008231807704972,0.8212877792378449
99,2007.3890410958904,0.8151952392598028,1.3482176562584265,1.9879925251481052,0.1278281989006774,0.0010732147073343,0.0928074245939675,0.7309941520467835,12.960082944530845,662.0324395895399,1295.001295001295,,,0.8246742536698005
100,2007.3917808219176,0.8132726089785296,1.3428586775527744,1.9850722566301413,0.1278200293986067,0.0010736986772032,0.0923361034164358,0.7251105793633529,13.040019820830128,659.0220113351786,1290.006321030973,0.9224241306152569,,0.8206811653672549
101,2007.3945205479447,0.8141996417521576,1.3451346479782629,1.984245093954005,0.1278347352542632,0.001077249566407,0.092816038611472,0.7262691553489723,12.925073349791262,655.307994757536,1275.9984688018374,0.9262689885142646,,0.8187996397281585
102,2007.4027397260277,0.814000814000814,1.3453337100267722,1.983143282102132,0.1278772378516624,0.0010767507967955,0.0927729845069115,0.726427429899753,,,,0.9258401999814831,,0.8195377806916899
103,2007.4054794520548,0.8177952240758913,1.3482540110556829,1.9811395514700056,0.1278837792214435,0.0010775281504229,0.0926354793886058,0.7290755322251385,13.029995048601885,660.1531555320835,1266.9935510028254,0.93292284728053,,0.8202099737532808
104,2007.4082191780824,0.8155941603458119,1.3418316001341832,1.9745285813012143,0.1281279229182415,0.001074021566353,0.0924898261191269,0.7304068366079907,13.109939956475,652.6563111865291,1256.992018100685,0.9298865538404316,,0.8220304151253597
105,2007.4109589041093,0.8160600620205647,1.3451708366962605,1.9796100168266848,0.1280573697016263,0.0010776674964706,0.0931185399012943,0.7364312541424257,13.249947000212,659.1088847877669,1262.0048208584155,0.9346667912889054,,0.8270614506657844
106,2007.4136986301369,0.8130081300813008,1.343923450120281,1.9805902158843331,0.1280278588620884,0.0010769479295676,0.0933532486930545,0.7434944237918216,13.529968881071571,666.4889362836577,1290.006321030973,0.9430403621274992,,0.8312551953449708
107,2007.4219178082192,0.8176614881439084,1.3487631841601253,1.9922699924293736,0.1280983795554986,0.001077504929585,0.0930492230389876,0.7471607890017932,13.669979358331169,671.0958996040534,1292.0063566712747,0.9451795841209828,,0.8340979230961715
108,2007.4246575342463,0.8205464839583163,1.3525393927098128,1.993858914543207,0.1280590095916198,0.0010786322942508,0.0926183199036769,0.7514841812579846,13.710086510645882,671.5014773032501,1295.9914982957712,0.9428625306430324,,0.8371002846140967
109,2007.427397260274,0.8211528986697323,1.3490543129266384,1.991397164250438,0.1280098311550327,0.0010787835636536,0.0921064750851985,0.75041272699985,13.690003559400925,669.702652022502,1287.995878413189,0.9446438692612884,,0.8407600470825626
110,2007.4301369863012,0.8167265599477296,1.34562336002153,1.979570829044263,0.127962327890669,0.0010788650339842,0.0917599559552211,0.7552299675251114,13.65001365001365,668.7621213134488,1287.995878413189,0.942240648261566,,0.8445945945945946
111,2007.4328767123288,0.8100445524503849,1.3358982579886716,1.9656406022722803,0.1279443186325311,0.0010741830837647,0.0910746812386156,0.7565441065214101,13.310085051443478,655.265054714632,1300.0013000013,0.9414422895876482,,0.8425309630128907
112,2007.441095890411,0.8072979736820861,1.3359696467696254,1.9684264399039408,0.1279737909676098,0.0010721676012394,0.0916170407695831,0.7491759065028468,13.159972627256936,650.2796202367018,1287.995878413189,0.9421518748822312,,0.8424599831508003
113,2007.4438356164385,0.8049585446349513,1.3324805457840314,1.9748795323485264,0.1279279509780092,0.0010756967825909,0.0915415598681801,0.7520493344363389,13.14993556531573,647.2491909385113,1290.006321030973,0.9402914903620124,,0.8438818565400843
114,2007.4465753424656,0.8034064433196755,1.329433661260303,1.972814614610665,0.127957415772031,0.001073410547332,0.0912492015694862,0.7504690431519699,12.860082304526747,647.6683937823834,1275.0060562787671,0.9374707040404988,,0.8401949252226517
115,2007.4493150684928,0.8030838419530999,1.3310616547758494,1.9696671262556624,0.1279230414982346,0.0010754422756358,0.0916674305619213,0.7500750075007501,13.040019820830128,653.2532009406847,1275.9984688018374,0.9359790340696368,,0.8348639171814994
116,2007.4520547945208,0.8045699573577924,1.3363624214887078,1.9763236427597384,0.1278919568748321,0.0010768783450533,0.0924983812783276,0.7531821947729155,13.059945148230378,653.0825496342738,1278.0042685342569,0.9364172675344132,,0.8397715821296606
117,2007.4602739726024,0.8058017727639,1.3400873736967651,1.982199845388412,0.1279197687210581,0.0010773191989054,0.0928677563150074,0.7537499057812618,13.310085051443478,655.9958016268696,1292.9919834497025,0.9327488107452664,,0.8419634587858887
118,2007.4630136986304,0.8061915511125444,1.3415795757925382,1.9883482790845648,0.1279164961113385,0.0010781089968195,0.0931012010054929,0.7578628268283442,13.190001978500298,656.2971713591915,1289.008623467691,0.9399379640943696,,0.8459521191100584
119,2007.4657534246576,0.8080155138978669,1.3427504901039289,1.993620414673046,0.1279705155932073,0.0010774004481985,0.0927643784786642,0.762369444232675,13.339914357749825,657.6783952647156,1295.001295001295,0.9393199323689648,,0.8456659619450316
120,2007.468493150685,0.8060615831049492,1.3398898610534211,1.9921906127978328,0.1279983616209712,0.0010782833728703,0.0924214417744916,0.7619628162145687,13.170025023047543,650.4911207962011,1290.006321030973,0.9319664492078286,,0.846811753747142
121,2007.4712328767123,0.8118860112040269,1.3437609180574592,1.9974831712042824,0.1279541412357811,0.0010771799429094,0.0926354793886058,0.7670476336580501,13.154952181748818,652.8267397832615,1300.999167360533,0.9366804046459348,,0.8481764206955046
122,2007.4794520547944,0.8126777732629014,1.3450080027976166,1.996087668170386,0.128,0.0010790629417413,0.0924556213017751,0.7662835249042146,13.170025023047543,650.7451031430988,1290.006321030973,0.9334453467749464,,0.8479606546256253
123,2007.482191780822,0.814000814000814,1.346765070301137,1.9995201151723585,0.1279934467355271,0.0010792143319663,0.0922849760059062,0.7666947788085563,12.850001927500289,646.9979296066252,1272.993444083763,0.9351912466099318,,0.8473140145738011
124,2007.4849315068493,0.8135372600065083,1.34330964630657,1.996446325540538,0.1279606904758858,0.0010778301124176,0.0920217171252415,0.758782912208817,12.26001029840865,642.0958006934635,1265.9990631606931,0.9331840238895108,,0.8375209380234506
125,2007.487671232877,0.813868316106454,1.3466562525249803,2.0020821654520704,0.1279312241738841,0.0010793308148947,0.0927041809585612,0.7691716021844474,12.4249841581452,647.2491909385113,1265.9990631606931,0.9409993413004611,,0.8460236886632826
126,2007.490410958904,0.8169934640522876,1.3518811426099415,2.0060985395602637,0.1278935925310142,0.0010823799370054,0.0926784059314179,0.7729169887154119,12.539971158066336,650.4911207962011,1272.993444083763,0.940379913485048,,0.8490405841399219
127,2007.5013698630137,0.8228420966016621,1.361451852255245,2.0166982616060984,0.1279901703549167,0.001089087344805,0.0928418902608857,0.7810669374365383,12.6000126000126,654.2361792607131,1281.0002049600328,0.9437523593808984,,0.8542627712284298
128,2007.504109589041,0.8221655841486476,1.3623421386046892,2.015722636565209,0.128,0.0010870392312458,0.0929800092980009,0.7817385866166354,12.604936092974008,654.1505854647739,1283.0053116419904,0.946073793755913,,0.8579272477693892
129,2007.5068493150684,0.8211528986697323,1.3591757957974286,2.011343980047468,0.1279132236690629,0.0010846104621525,0.0926354793886058,0.7829014327096218,12.6000126000126,650.9992839007876,1290.006321030973,0.946431951542684,,0.8561643835616439
130,2007.509589041096,0.8210180623973727,1.3626020248266089,2.0117486118934576,0.1279099513942184,0.0010877841836179,0.0927557740469344,0.7822277847309137,12.400024800049602,648.7608667445179,1287.001287001287,0.9541984732824428,,0.8567511994516792
131,2007.517808219178,0.8217602103706138,1.362249346120314,2.016616923449221,0.127957415772031,0.0010859767818164,0.0929713648196355,0.7808839606434484,,,,0.95428953144384,,0.8602890571231934
132,2007.5205479452052,0.8280887711162637,1.371347074231017,2.024701356549909,0.1279377710681524,0.0010873465482183,0.0927557740469344,0.7791803023219572,12.759984688018376,661.6819956328989,1296.0082944530843,0.95047999239616,,0.8620689655172414
133,2007.5232876712328,0.830357884248111,1.37574290116663,2.0316531561731783,0.1279394078964202,0.0010882695426003,0.092378752886836,0.7792410192472531,12.950012950012953,662.9980773055759,1305.9945148230377,0.9471490812653912,,0.8613264427217915
134,2007.5260273972603,0.8310479514667997,1.3776002204160354,2.028850250563006,0.1279295875550097,0.0010889331721712,0.092747171211278,0.781799702916113,12.950012950012953,667.2449456195369,,0.9552010698251984,,0.8640055296353897
135,2007.528767123288,0.831946755407654,1.3787398317937407,2.034381039568711,0.1278837792214435,0.0010909646309266,0.0928850083596507,0.7857928650007858,13.124909766245358,666.4889362836577,1313.0079699583775,0.9544716999140976,,0.8685833405715279
136,2007.5369863013696,0.8320159747067144,1.378340753401056,2.037282265457879,0.1278657920646489,0.0010891703789223,0.0928418902608857,0.7920164739426581,13.029995048601885,666.000666000666,1312.9907302854442,0.9587727708533078,,0.872219799389446
137,2007.5397260273971,0.8312551953449708,1.3782077786047024,2.045408058907752,0.1278690620804296,0.0010895026420439,0.0929368029739777,0.7908889591901297,12.90006321030973,666.4889362836577,1309.0033248684451,0.9582215408202376,,0.8731336767659129
138,2007.5424657534247,0.833472245374229,1.3806624418395947,2.0532616060612283,0.1278706971510408,0.001091309899272,0.0930146032927169,0.7938398031277288,12.939958592132506,666.7555674089879,1309.0033248684451,0.9581297307655456,,0.8776549060909251
139,2007.545205479452,0.8316699933466402,1.3810628659816595,2.048718526561636,0.1278576177568659,0.0010915004857177,0.0932053313449529,0.7919537499010059,13.249947000212,674.4907594765951,1321.9993918802795,0.959140610013428,,0.879430129276229
140,2007.5479452054797,0.8334027835652972,1.3830493472007082,2.056512976596882,0.1278739674177131,0.0010929081192144,0.0926183199036769,0.7963685593692761,13.289919595986444,681.6167950378297,1332.001332001332,0.9578544061302682,,0.8795074758135444
141,2007.5561643835615,0.8294625082946251,1.381788033715628,2.058460271716756,0.1278706971510408,0.0010927170409222,0.092954080684142,0.8036647110825363,13.339914357749825,681.9886789879288,1328.9919595986444,0.956846234810066,,0.8834702712253734
142,2007.558904109589,0.8298066550493735,1.382380182197708,2.0625786358104903,0.1278445410380976,0.0010942954378823,0.0926698174404596,0.8087343307723414,13.339914357749825,684.3221788818175,1332.9956411042535,0.9641342074816815,,0.8839388314328649
143,2007.5616438356165,0.8237232289950577,1.3710274479695084,2.050945485868985,0.1278085938498504,0.0010944870686352,0.0919963201471941,0.8030838419530999,13.175056982121449,674.7638326585695,1317.0025023047544,0.9592326139088728,,0.8826904404625298
144,2007.564383561644,0.8285690612312535,1.373060551970342,2.0486345850490646,0.1278118609406953,0.0010890043233471,0.0913659205116491,0.7911392405063291,13.130079699583776,670.0167504187605,1313.9913802165456,0.951927653498334,,0.8779631255487269
145,2007.5671232876712,0.8282259400364419,1.3644984785841965,2.0289737450797385,0.1278004268534256,0.0010849870344049,0.0908100254268071,0.7651694850409366,12.750060562787674,660.5019815059445,1283.9937341105776,0.9442870632672332,,0.8557247989046722
146,2007.5753424657532,0.8322929671244278,1.3680452002134151,2.023677021147425,0.1277971603470971,0.0010827197921178,0.0910746812386156,0.7623113279463333,12.72993444083763,661.5069127472383,1270.0025400050802,0.9358038555118848,,0.8508465923593976
147,2007.5780821917808,0.8318775476249897,1.3712154453707766,2.036120782684829,0.1277677693025157,0.0010828604842552,0.091491308325709,0.7713073659853452,12.93008701948564,665.513110608279,1292.0063566712747,0.938350380031904,,0.8593280054996992
148,2007.580821917808,0.8323622440486099,1.368157502291664,2.030745486668156,0.1277334968322092,0.0010814669017054,0.0912408759124087,0.7623113279463333,12.770087347397457,665.7346381732242,1283.0053116419904,0.946163307786924,,0.8536064874093043
149,2007.5835616438355,0.8291186468783683,1.369150305320518,2.0344638170610136,0.1277481827820999,0.0010838815967743,0.0914578379367111,0.7695267410542516,12.959914982957711,666.266906522753,1287.001287001287,0.9499382540134892,,
150,2007.5863013698631,0.8379420144126026,1.3785117587053015,2.042358515613831,0.1277367600848172,0.001083775875149,0.0911909538573773,0.7642338555598013,12.960082944530845,670.5109293281481,1285.9916924936665,0.9498480243161096,0.0084430935494765,
151,2007.5972602739728,0.8365400702693659,1.3747783169963843,2.020079591135891,0.127741655276369,0.0010831067834977,0.0911743253099927,0.7609191903819814,12.990049621989558,668.002672010688,1282.0019742830405,0.947597839476926,0.0084409555161644,
152,2007.6,0.8370302167908261,1.3808912271980336,2.0367843249078352,0.1277432870902634,0.0010820051719847,0.0915164271986821,0.768344218209758,13.029995048601885,675.4931099702783,1285.9916924936665,0.9524716639679968,0.008347245409015,
153,2007.6027397260275,0.8354916868577157,1.3699943830230297,2.026958548697679,0.1278167618901542,0.0010837641295748,0.091082976591675,0.7575757575757576,12.975048980809902,662.6027034190299,1268.0056806654495,0.946521533364884,0.0084260195483653,
154,2007.6054794520549,0.835421888053467,1.3686443577636351,2.021713199765481,0.1278756026137773,0.0010734681609343,0.0909173561232839,0.7459903021260723,12.69003324788711,668.4938832809679,1269.003324788711,0.9491268033409264,0.0084745762711864,
155,2007.613698630137,0.8292561572269674,1.3623606986185663,2.012274876748164,0.1278183956234981,0.0010752688172043,0.0910083727702948,0.7401376656058027,12.87001287001287,668.7621213134488,1275.9984688018374,0.9515653249595584,0.0084395307620896,
156,2007.6164383561645,0.8267195767195767,1.3581236164115658,2.0002800392054887,0.1278347352542632,0.0010727772056299,0.0905223137503394,0.7304601899196493,12.759984688018376,668.3598449405159,1272.0056985855297,0.940203083866115,0.0084609527032743,
157,2007.619178082192,0.820950660865282,1.3478542160879878,1.9921906127978328,0.1278674270516328,0.0010729613733905,0.0899038029308639,0.7156147130385001,12.510008006405124,667.2449456195369,1262.0048208584155,0.9305788200260562,0.0085324232081911,
158,2007.6219178082192,0.8208158909956497,1.340033500837521,1.9827893881111949,0.1279164961113385,0.0010562562055052,0.0887311446317657,0.6780120686148213,12.36506621492958,662.251655629139,1245.0044197656905,0.9298000929800094,0.0087696220292905,
159,2007.6246575342464,0.8302889405513119,1.3490361136967637,1.9823963206724289,0.1279754287176862,0.0010521885521885,0.0898149811388539,0.6884681583476765,11.690027237763465,657.5054244197515,1245.0044197656905,0.9402914903620124,0.0087850303083545,
160,2007.6328767123289,0.8286377195889957,1.3467287957551108,1.9827107621540168,0.127890321260487,0.0010602879742137,0.0898957209636821,0.6957973838018369,11.950001195000118,659.5000989250149,1249.0007993605116,0.945000945000945,0.0087328617587983,
161,2007.635616438356,0.8310479514667997,1.3481813034216843,1.9811395514700056,0.1280803319842205,0.0010602767322271,0.0899280575539568,0.6959910913140311,11.669973159061731,657.5054244197515,1243.9977110442117,0.9433072351664936,0.0087397308162908,
162,2007.638356164384,0.8290499088045101,1.3533631073216943,1.991635132443736,0.1280672096716356,0.0010592210488406,0.0903832248734634,0.7004763239002522,11.680059801906186,659.5000989250149,1240.00248000496,0.9415309292910272,0.0086986778009742,
163,2007.641095890411,0.8291186468783683,1.3559873621977845,2.003405789842733,0.1280475312435976,0.0010616951024004,0.0902853015529071,0.70876745339854,11.88001188001188,660.7638430025108,,0.9462528387585164,0.0086333419666753,
164,2007.6438356164383,0.8322237017310253,1.3643681611045924,2.00988865216867,0.1281886937572106,0.0010622364325851,0.0906536125464599,0.7181844297615627,11.7000117000117,660.8511763150939,1240.00248000496,0.9501187648456058,0.0086117809162934,
165,2007.6520547945208,0.8310479514667997,1.3645915777407822,2.0132066355290705,0.1281426997103975,0.0010650421224159,0.0905879155720627,0.7179781734635267,,,,0.9509319132750096,0.0086162329829398,
166,2007.654794520548,0.8328475056217206,1.3625091969370793,2.0064205457463884,0.1282117031642648,0.0010645319253124,0.0900900900900901,0.7029876977152899,11.829979534135406,666.000666000666,1255.0043297649377,0.9420631182289212,0.0087176357771772,
167,2007.6575342465756,0.8343763037129747,1.3674465670253937,2.018122742225182,0.1281279229182415,0.0010611768451212,0.09021199819576,0.7024938531787847,11.799966960092512,664.2311524410495,1260.00126000126,0.9441087613293052,0.0086572591117652,
168,2007.660273972603,0.8310479514667997,1.3647219379051518,2.015722636565209,0.1282363652684628,0.0010636826821822,0.090203860725239,0.7042749489400663,11.860004506801712,666.000666000666,1265.9990631606931,0.9463423866754992,0.0086340873769642,
169,2007.66301369863,0.8283631544068919,1.3639773579758576,2.016576256831152,0.1282511670856204,0.0010658821773841,0.0906371793709779,0.7019021548396153,11.950001195000118,671.9978496068812,1268.0056806654495,0.946611132146914,0.0086318515321536,
170,2007.67397260274,0.8258320257659592,1.3605257071332362,2.0109395109395107,0.128287363694676,0.001065166911655,0.0906700516819294,0.6985679357317499,12.094969702100896,678.7483879725785,1270.0025400050802,0.9527439024390244,0.0086043710204784,
171,2007.676712328767,0.8316699933466402,1.366867140513942,2.022081125894771,0.1283186408489561,0.0010658594557721,0.0901875901875901,0.6898454746136865,12.214933978281849,680.2721088435375,1272.993444083763,0.951655881233346,0.0086835706842653,
172,2007.6794520547944,0.8327088017320342,1.3696941472969086,2.024004695690894,0.1284224585195459,0.0010652236437039,0.0904486251808972,0.6915629322268326,12.244997918350354,688.1365262868153,1281.0002049600328,0.949397132820659,0.0086707708315269,
173,2007.682191780822,0.8415383320710259,1.377201801379956,2.028356422790613,0.1284092660126354,0.0010658026559802,0.0898714837781971,0.6888001102080177,12.570078185886317,701.0164738871364,1288.992008249549,0.9482268158543524,0.0088051422030465,
174,2007.690410958904,0.8431703204047218,1.3792913201197223,2.028479857195018,0.1285925544910949,0.0010642713466225,0.0897102359379205,0.6935293709688606,12.55997387525434,703.4822370735138,1292.0063566712747,0.949397132820659,0.0088152327221438,
175,2007.6931506849317,0.8427439743805831,1.383661722382112,2.031818274173558,0.1284241077735112,0.0010679653124866,0.0900333123255604,0.7015574575557738,12.56992018100685,704.1757622702626,1292.0063566712747,0.9586808551433228,0.0087734690296543,
176,2007.695890410959,0.8443093549476529,1.3904144825572502,2.031529335283601,0.1283977247923166,0.0010722250814891,0.090350560173473,0.7138268256121065,12.659990631606933,706.0152499293985,1299.0049621989556,0.9642271719217048,0.0087535014005602,
177,2007.6986301369864,0.8422471153036301,1.3884453577329463,2.0274928024005514,0.1283812409330748,0.0010739869617982,0.0902934537246049,0.7169486664754804,12.470071827613728,704.5230379033395,1297.0000389100012,0.968429207824908,0.0086677645835139,
178,2007.7013698630135,0.839278220730172,1.3848305659802522,2.0066218521119694,0.1284109149277688,0.0010774352730759,0.090000900009,0.7125044531528322,12.5,716.3323782234957,1293.9958592132505,0.971534052268532,0.0086722747376636,
179,2007.709589041096,0.8419634587858887,1.386001386001386,1.9918334827208448,0.1284092660126354,0.0010768319603725,0.0896941429724639,0.7042253521126761,12.590018633227578,725.4788160185723,1297.99330235456,0.9701202949165696,0.0087017055342847,
180,2007.7123287671236,0.8409721638213775,1.386866375424728,1.9972836941759209,0.1283845373663196,0.0010775745951013,0.0901306894997746,0.7098239636570131,12.959914982957711,714.7451933385748,1300.0013000013,0.9769441187964047,0.0086393088552915,
181,2007.7150684931507,0.8435970980259828,1.394991978796122,1.998321410015587,0.1284521515735388,0.0010791328088747,0.0910000910000909,0.7328154770628755,12.994944966408069,725.1631617113851,1305.9945148230377,0.9855129594954174,0.0086065926499698,
182,2007.717808219178,0.8547008547008548,1.4092446448703495,2.0130850528434827,0.1284868108288684,0.0010832710452482,0.0911826388255676,0.7426110203475419,13.170025023047543,734.4840249724568,1322.9963220702246,0.998402555910543,0.0087573342674489,
183,2007.7205479452052,0.8520064752492119,1.4075387776933257,2.02069188490139,0.1284769062760968,0.0010860239576885,0.0913408841797588,0.7414547341884777,13.470009024906046,737.0283018867924,1332.001332001332,0.9991008092716556,0.0086505190311418,
184,2007.728767123288,0.8517887563884157,1.408510218741637,2.0221629054436625,0.1286372173197149,0.0010856938126309,0.0914160343724289,0.7449899426357743,13.62008144808706,729.9802905321555,1331.0085051443475,0.998801438274071,0.0086994345367551,
185,2007.731506849315,0.8560178051703476,1.4127885620638014,2.016779606324621,0.128726636115545,0.0010859178177395,0.0913909705721074,0.7391529307413703,13.28003612169825,728.3851700779372,1332.9956411042535,0.9990009990009991,0.0087336244541484,
186,2007.7342465753425,0.853898044573478,1.4125291334133767,2.0158445380692243,0.1287481814319372,0.0010857881193063,0.0915080527086383,0.7444353457902182,13.439956992137626,734.7538574577517,1347.999568640138,0.9952229299363058,0.0086445366528354,
187,2007.7369863013696,0.8520790729379687,1.413727292005372,2.0239227671072078,0.1288726223001185,0.001086637617221,0.0915164271986821,0.747887218607434,13.510044718248016,731.7430118542368,1350.00135000135,0.9969095803010666,0.0086393088552915,
188,2007.7397260273967,0.8566778034781118,1.4218481181840157,2.038819115968032,0.128708411094665,0.0010930395243091,0.0914662032379036,0.7567158531971245,13.65001365001365,742.9972509101717,1376.9931976536036,1.003713740841112,0.0086971647242998,
189,2007.7479452054797,0.8559445347941455,1.422717960391532,2.043401855408885,0.1287067545304777,0.0010945589474721,0.0916338312104829,0.765872711955273,13.77505337833184,742.5007425007425,1376.9931976536036,1.006947940791461,0.0086266390614216,
190,2007.7506849315068,0.851063829787234,1.4163302882232138,2.0416913371036567,0.128821157586922,0.0010945589474721,0.0916674305619213,0.76057195010648,13.28003612169825,730.9941520467836,1358.9910850184824,0.9996001599360256,0.0086325966850828,
191,2007.7534246575344,0.8481044864727334,1.4131279587366636,2.0367428408489143,0.1288825879623663,0.0010942714887563,0.0919709371838499,0.7600516835144789,13.350065415320534,730.2468234263181,1358.9910850184824,1.00391526955125,0.0085667780347811,
192,2007.7561643835616,0.8508465923593976,1.4125889931065658,2.039068553484768,0.1288792659037014,0.0010908456235273,0.0918189330639978,0.7550588945937783,13.219993918802796,725.4788160185723,1356.9994029202628,1.0017028949213664,0.0085755938598747,
193,2007.758904109589,0.8504124500382686,1.415307971014493,2.043527127822622,0.1289307770657933,0.001091524313704,0.0921743939533597,0.762660158633313,13.435081685296646,736.9739848183359,1363.995962571951,1.019160211985324,0.0085587127695994,
194,2007.7698630136983,0.8445945945945946,1.4091056406498794,2.0328921957268604,0.1288560162874004,0.0010887671889119,0.0923446301597562,0.7621370322383965,13.21003963011889,735.9976448075366,1366.997935833117,1.015640869388584,0.0085462780958892,
195,2007.772602739726,0.8468834688346883,1.4155283459551278,2.043193102180087,0.1289274525224656,0.0010912979898291,0.0922424130615257,0.7635919364691508,13.62008144808706,741.2348973389667,1389.0046392754953,1.0189525168127165,0.0085338795016214,
196,2007.7753424657533,0.8473858147614609,1.4227584440713654,2.0340913713844024,0.128939089174274,0.0010900132981622,0.0924898261191269,0.7735746886361878,13.669979358331169,749.0075649764062,1394.991978796122,1.0263779123473262,0.0084954549316115,
197,2007.7780821917809,0.8435970980259828,1.4166713889046298,2.0338845160371792,0.1289623687807897,0.0010894314257389,0.092378752886836,0.7751337105650724,13.790060124662144,749.5128166691651,1416.0094023024312,1.0267994660642776,0.008509914049868,
198,2007.786301369863,0.8476012883539583,1.421605561320956,2.041899783558623,0.1289673583615986,0.0010903817426481,0.0925069380203515,0.7652280379553107,13.94991978796122,758.8404917286387,1426.0046202549695,1.0248001639680262,0.0085200647524921,
199,2007.7890410958903,0.8451656524678837,1.416410532428719,2.032520325203252,0.1289573795860468,0.0010900964735379,0.0922594335270781,0.7450454477723141,13.660082506898345,756.7731194187983,1409.9997180000564,1.0225994477962983,0.0085741232958929,
200,2007.7917808219177,0.8462384700008463,1.420878387018855,2.038611297983813,0.1289590426080676,0.0010886249578157,0.092464170134073,0.7532956685499059,13.600076160426498,762.4857033930614,1420.9995310701547,1.0270103728047653,0.0085733882030178,0.8942144326209425
201,2007.7945205479448,0.8548469823901522,1.4290205493154993,2.045617265009717,0.1290106175738263,0.0010900014170018,0.0924556213017751,0.7526153383005946,13.680077702841352,764.5259938837921,1446.0061310659958,1.027326895418122,0.0086482746692034,0.8943743851176101
202,2007.7972602739728,0.8533151292772422,1.426330052774212,2.0483408439164275,0.1290222692436714,0.0010915123995808,0.0926354793886058,0.7517101405697962,13.829919648166843,763.0093087135663,1451.9899522295304,1.0375596596804315,0.0086843247937472,0.8932559178204557
203,2007.805479452055,0.8489685032685288,1.4137073060393577,2.0276983595920277,0.1290206045905531,0.0010906076866029,0.0922594335270781,0.7409053863821591,13.350065415320534,751.25835774923,1431.004135601952,1.0192640913260629,0.008765778401122,0.8784258608573435
204,2007.8082191780825,0.8527330092947898,1.4248464727925567,2.049432307250892,0.1290189399803891,0.0010895145123333,0.0923446301597562,0.7525586995785671,13.569994029202627,758.2650894752805,1446.9895382656384,1.0336985734959685,0.0087214372928658,0.8941344778254648
205,2007.8109589041096,0.8528784648187633,1.423588867535056,2.048886430225173,0.1290139464076066,0.0010893720859296,0.0922253988748501,0.75125835774923,13.439956992137626,757.5183698204681,1437.0087226429464,1.0296540362438222,0.0087757788503729,0.8996041741633681
206,2007.813698630137,0.8567511994516792,1.4299196385163155,2.0484667226580906,0.1290255986787778,0.0010905482185894,0.0922594335270781,0.7606876616461281,13.724951962668133,767.5186123263488,1446.9895382656384,1.0336985734959685,0.0087650100797615,0.9057971014492752
207,2007.8164383561643,0.8599931200550395,1.438931737078393,2.0513662098957903,0.1290222692436714,0.0010999043083251,0.0929195316855603,0.7649353629618297,14.070040662417515,779.1195948578107,1453.9955798534372,1.0396091069757771,0.0087711604245241,0.9161704076958316
208,2007.8246575342464,0.8580744808649391,1.440299582313121,2.0608358750309126,0.1290089532213535,0.0011028519752078,0.0933358222885943,0.7681081496274675,14.410052452590929,788.5191610156128,1457.003817350001,1.0473397570171763,0.0087191559857005,0.921234454168586
209,2007.827397260274,0.8609556607834696,1.4424810674359898,2.067012546766159,0.1290289282857216,0.0011022563186843,0.0933009889904833,0.7662248103593595,14.174947198321686,783.2693663350826,1443.001443001443,1.048767697954903,0.0087153564580791,0.918526683200147
210,2007.830136986301,0.8628127696289905,1.4466755396099764,2.077490391606939,0.1290189399803891,0.0011022198708198,0.0934317481080071,0.7691124442393478,14.320082483675105,789.3282816323308,1440.0092160589827,1.052742393936204,0.0086745315752949,0.9269558769002596
211,2007.8328767123287,0.8622919720617401,1.443418013856813,2.0819020256906717,0.1289108323772446,0.0011064272358128,0.0937470704040498,0.7626019980172348,14.35997587524053,790.2639481586849,1443.001443001443,1.052742393936204,0.008703977717817,0.9184423218221895
212,2007.835616438356,0.8663259118080221,1.4480162177816391,2.0818586834325687,0.1289025239114181,0.0011026817219477,0.0934492103541725,0.7609770945894528,14.320082483675105,796.4954201513341,1438.993855496237,1.0684902233144566,0.008714596949891,0.91776798825257
213,2007.8438356164384,0.8667764583513912,1.4468429885988772,2.07978037519238,0.1287995878413189,0.0011018312435267,0.093187960115553,0.7668711656441718,14.490023618738498,804.7642040882022,1458.0022453234578,1.070778455937467,0.0087313367676591,0.9195402298850576
214,2007.8465753424657,0.8729812309035356,1.455498144239866,2.0857667278491574,0.1288128606760099,0.0011011396795683,0.0934317481080071,0.7758553805570642,14.959982048021542,822.5037012666558,1471.9952896150733,1.0816657652785289,0.0087313367676591,0.925240562546262
215,2007.849315068493,0.8819897689186806,1.4665121940488934,2.104244260673779,0.1287813421591479,0.0011035944069835,0.0931445603576751,0.7837604827964574,15.82003132366202,834.5155637152633,1470.004557014127,1.0905125408942202,0.0088276836158192,0.93694368968425
216,2007.8520547945209,0.8876264867743653,1.4690543697022227,2.110461557942722,0.1287647596605761,0.0011014428901861,0.0924470740501063,0.7762769756249029,15.360039321700665,841.1136344520146,1462.0096785040716,1.0745755426606491,0.0088770528184642,0.926526452330214
217,2007.854794520548,0.8903133903133903,1.466404669032466,2.091131511260743,0.1285033218108688,0.0011031804692929,0.0918864283745291,0.7668123610152595,15.149908343054523,831.5316813570597,1434.0001434000144,1.064849323820679,0.0090163195383644,0.91424392027793
218,2007.8657534246572,0.8884940026654821,1.4599179526110633,2.072796617195921,0.1284158619272652,0.0010888738866264,0.0918105031215571,0.7542046911531789,14.675021645656928,804.2464211034261,1415.007570290501,1.0370216737529814,0.0090645395213923,0.8893632159373888
219,2007.868493150685,0.8910273545397843,1.4669639713648637,2.058417900002058,0.1283779446691058,0.0010950383810952,0.0919624793084421,0.7646429117602079,14.97005988023952,813.4710811030668,1440.0092160589827,1.0409076714895389,0.0089766606822262,0.9000900090009001
220,2007.8712328767124,0.8907892392659896,1.4639145073927682,2.047711682195147,0.1284224585195459,0.0010919653191814,0.0915667063455727,0.7581501137225171,14.820084178078131,794.0289026520566,1423.0013945413666,1.0195758564437194,0.0090260853867677,0.8921402444464269
221,2007.87397260274,0.8951750067138126,1.4650941322980002,2.0480052428934217,0.1284868108288684,0.0010905482185894,0.091491308325709,0.7555723460521345,14.450031790069938,789.7646501342599,,1.0278548668927947,0.0090049527239982,0.8907098957869422
222,2007.8821917808216,0.8958165367732688,1.4659962177297583,2.0477955480924783,0.1284983680707255,0.0010877250231141,0.0909587047480443,0.7544892108042855,14.519899522295306,778.8768595685023,1454.9898878202796,1.0165700925078784,0.0090859531164819,0.88339222614841
223,2007.8849315068492,0.9009009009009008,1.4785900165602082,2.064963759886014,0.1285380086891694,0.0010842694192652,0.0912408759124087,0.7621370322383965,14.35997587524053,795.4816641476415,1460.0032120070664,1.015228426395939,0.0090859531164819,0.8873114463176575
224,2007.8876712328768,0.906043308870164,1.482667615573941,2.0582060675914877,0.1285165336520543,0.0010762988236053,0.0908925649881839,0.7503564192991671,14.550110580840414,798.0209081477934,1467.997651203758,1.010611419909045,0.0092123445416858,0.8695652173913044
225,2007.890410958904,0.907770515613653,1.4847589493845672,2.0600292524153843,0.1285148820233383,0.001071501280444,0.0910746812386156,0.7506380423359855,14.519899522295306,803.2773716764399,1467.997651203758,1.015640869388584,0.0092165898617511,0.8697921196833958
226,2007.8931506849317,0.9069472156720478,1.4825137503150343,2.0562592531666395,0.1285479226655697,0.0010744716285766,0.0911161731207289,0.7556865412227008,14.549898878202796,815.2616990053807,1474.991518798767,1.011736139214893,0.0092438528378628,0.8742787200559539
227,2007.9013698630135,0.9086778736937756,1.4859724203518785,2.0678246484698097,0.1284587518947665,0.0010762293229441,0.0910083727702948,0.7554011179936546,14.884939418296566,830.0132802124834,1474.991518798767,1.0124531740407006,0.0092447074050106,0.877808988764045
228,2007.904109589041,0.9045680687471732,1.4815912289799242,2.065432914738929,0.1284670032502151,0.0010757662144862,0.0911078717201166,0.7576331540268202,14.650082772967668,810.7669855683476,1456.0067558713472,1.0035122930255895,0.0092030185900975,0.8742787200559539
229,2007.9068493150685,0.8938946992044337,1.4748827468216277,2.068936980179584,0.1284670032502151,0.001073883161512,0.0914494741655235,0.7702973347712216,14.274906142492112,801.7317405596087,1419.9906280618547,1.0092854259184498,0.0090571506204148,0.8815232722143864
230,2007.909589041096,0.894854586129754,1.4765814186994273,2.064153903315032,0.1283894823336072,0.0010766464616014,0.0914160343724289,0.7720815318097591,14.380006039602536,794.4704854214666,1440.0092160589827,1.0071507704703393,0.0090958704748044,0.8827683615819208
231,2007.9123287671232,0.885896527285613,1.4688170147762991,2.056555269922879,0.1284076171398487,0.0010851283164234,0.091726288754357,0.7666947788085563,14.230013945413663,783.5148476063622,1440.0092160589827,0.9992006394884092,0.0090065747996037,0.8847208705653365
232,2007.9205479452053,0.885661146045523,1.4656739168669757,2.0656462374253786,0.1283993734110577,0.0010814552061253,0.0916758342500916,0.7665184730952016,13.86001386001386,784.2522155125089,1450.0108750815632,0.9995002498750624,0.0090546903295907,0.8826904404625298
233,2007.9232876712329,0.8950948800572861,1.4758404911597156,2.0574861634055512,0.128346638601535,0.0010837288943797,0.0916758342500916,0.7621951219512195,14.250089063056643,797.5117632985086,1464.0002342400376,0.9897070467141726,0.0091174325309992,0.8724480893386842
234,2007.92602739726,0.8889679082585119,1.4664906877841326,2.028726771078471,0.1282939470915762,0.0010828135828135,0.0921319329279528,0.768344218209758,14.340001434000142,793.0214115781126,1467.997651203758,0.987069390978186,0.0090195724722648,0.8710042679209129
235,2007.928767123288,0.8868393047179851,1.463743083813929,2.028850250563006,0.1283137013370287,0.0010845516463493,0.0922764602749838,0.7729169887154119,14.059951633766378,801.47471347279,1460.0032120070664,0.9877518767285658,0.009003331232556,0.8729050279329609
236,2007.9315068493152,0.8851907586084802,1.466318660371272,2.028850250563006,0.1282972390434157,0.0010882340138423,0.0924727205474385,0.7792410192472531,14.440016172818115,792.5186241876684,1458.0022453234578,0.9947279419078882,0.0089501476774366,0.8806693086745927
237,2007.9397260273968,0.8867606632969762,1.471345545501361,2.0455335774336736,0.1282561017840423,0.0010828487585138,0.0924299842869026,0.7791803023219572,14.380006039602536,809.5199546668825,1462.993577458195,0.9898050084133426,0.0089605734767025,0.8828462964597863
238,2007.9424657534248,0.8824567596187787,1.470112610625974,2.038486627527724,0.1282544568423752,0.0010823096487905,0.0925840199981483,0.7827175954915466,14.614968650892244,808.7343307723413,1462.0096785040716,0.9893153937475268,0.0089453439484748,0.8865248226950355
239,2007.945205479452,0.8805917576611484,1.4701774504182656,2.049474309839526,0.1282264992883429,0.0010794473229706,0.0924898261191269,0.7896399241945673,14.635074419353424,814.000814000814,1473.9914213699276,0.9894132779261898,0.0088999644001424,0.8857395925597874
240,2007.9479452054795,0.8745845723281441,1.4590446175844058,2.039234879073372,0.1282561017840423,0.0010815370804988,0.0923275782476225,0.7817385866166354,14.6100575636268,800.7046200656578,1476.995790561997,0.9787608887148868,0.0089078923926598,0.8744316194473593
241,2007.9506849315069,0.8668515950069349,1.4432305272121115,2.0195492366103887,0.1282149908967356,0.0010752688172043,0.0924043614858621,0.7674008134448623,14.009919022668049,789.5152376440865,1462.0096785040716,0.9864851533984412,0.0088214537755822,0.8619946556331352
242,2007.958904109589,0.8677542519958347,1.4368022529059326,2.0168609576055827,0.1282412988278745,0.0010711799046649,0.0921404220031327,0.7535227187099691,13.744948731341232,790.7638779060572,1482.008417807813,0.9927529038022436,0.0088331419485911,0.8568246080027418
243,2007.9616438356163,0.8673779165582444,1.439180242933625,2.0139364401659483,0.12815912236633,0.0010648153077848,0.0920810313075506,0.751089079164789,13.969992456204071,804.2464211034261,1510.0037750094375,0.9896091044037606,0.0088362640275691,0.8557247989046722
244,2007.964383561644,0.8647526807333102,1.4342675195777517,1.99314358606394,0.1281919803097118,0.0010640448601313,0.0921998893601327,0.7548878991469766,13.979952747759713,799.7440818937939,1510.0037750094375,0.994431185361973,0.0088136788295434,0.8566044200788077
245,2007.9671232876717,0.8647526807333102,1.4341441027994493,1.981964126449311,0.1281854073732246,0.001059793552216,0.092250922509225,0.7558578987150416,13.969992456204071,795.2286282306163,1514.0045420136262,1.0017028949213664,0.0088519075860848,0.8576329331046313
246,2007.9698630136984,0.864528399757932,1.4360388304899765,1.9831039543092848,0.128190337012396,0.0010629477667467,0.0923958237087683,0.7645844483523204,14.290001286100116,810.5041335710812,1516.001394721283,1.005631536604988,0.0087750087750087,0.8651267410675665
247,2007.978082191781,0.8643789437289308,1.440797625565513,1.977300589235576,0.1281131495336681,0.0010647359454855,0.0924727205474385,0.7669888019634913,,,,1.013068584743187,0.0087366765682334,0.8703977717817042
248,2007.986301369863,0.8764241893076249,1.4600884813619706,1.9905251005215172,0.1281804781131833,0.0010630833669976,0.0919963201471941,0.7698229407236336,14.670070122935186,828.9811821271658,1543.9961708894962,1.0192640913260629,0.0087703911594457,0.8772699359592947
249,2007.9890410958903,0.8870753126940477,1.471540408499617,1.9929449747892456,0.1281246396494509,0.0010679539071093,0.091751536838242,0.772499034376207,,,,1.0219724067450178,0.0088542588985301,0.8738203425375742
250,2007.9972602739729,0.8825346394845998,1.4601737606775207,1.983615337313788,0.1282264992883429,0.0010687186063909,0.0915834783405073,0.7676364473785215,14.759929742734425,,,1.0120433154539017,0.0089501476774366,0.8774238834781083
