,x0_train,x1_train,x2_train,y0_train,y1_train,y2_train
0,-1.7285901631375227,-1.7285901631375227,-1.7285901631375227,0.4678661496654056,0.18247930317275007,0.1574282388794041
1,-1.7216619460507994,-1.7216619460507994,-1.7216619460507994,0.31399124221334446,-0.10756428369657925,0.18094114160551344
2,-1.7147337289640758,-1.7147337289640758,-1.7147337289640758,0.3127916981016475,-0.009579988280867993,0.12428385244305509
3,-1.707805511877352,-1.707805511877352,-1.707805511877352,0.1272638350976656,-0.013361541195814813,-0.051298893069639515
4,-1.7008772947906285,-1.7008772947906285,-1.7008772947906285,0.11441852812162698,-0.11149252423889418,-0.018654106752048233
5,-1.693949077703905,-1.693949077703905,-1.693949077703905,-0.015690103926796276,-0.1684927097814034,-0.2675444660946549
6,-1.6870208606171817,-1.6870208606171817,-1.6870208606171817,-0.07142682913052226,-0.36027596882173396,-0.28275150053093434
7,-1.680092643530458,-1.680092643530458,-1.680092643530458,-0.2748688399459804,-0.3435634339512399,-0.4856746277399845
8,-1.6731644264437344,-1.6731644264437344,-1.6731644264437344,-0.35990217449130646,-0.5873046983100949,-0.5537550697544855
9,-1.6662362093570109,-1.6662362093570109,-1.6662362093570109,-0.7227006636366946,-0.879580036040406,-0.939217244296708
10,-1.6593079922702876,-1.6593079922702876,-1.6593079922702876,-0.9164236701873287,-0.9166492296371882,-1.104962285052163
11,-1.6523797751835636,-1.6523797751835636,-1.6523797751835636,-0.9911641112388354,-1.1357997895693457,-1.1517689221810736
12,-1.6454515580968403,-1.6454515580968403,-1.6454515580968403,-1.2251025580781214,-1.1376601130861475,-1.2996581458354004
13,-1.6385233410101168,-1.6385233410101168,-1.6385233410101168,-1.1952289631291975,-1.2705640093723873,-1.361597055777622
14,-1.6315951239233932,-1.6315951239233932,-1.6315951239233932,-1.0120708466118804,-1.4168371226806888,-1.387848867113492
15,-1.6246669068366695,-1.6246669068366695,-1.6246669068366695,-1.0528696569920406,-1.325265112775461,-1.2605765901200623
16,-1.6177386897499462,-1.6177386897499462,-1.6177386897499462,-0.9371466563240178,-1.3008325456052352,-1.3144332029613888
17,-1.6108104726632226,-1.6108104726632226,-1.6108104726632226,-0.813732369217298,-1.2234230398864503,-1.0747244971517924
18,-1.603882255576499,-1.603882255576499,-1.603882255576499,-0.6870095621665164,-1.035482907047089,-0.9921036132765966
19,-1.5969540384897754,-1.5969540384897754,-1.5969540384897754,-0.7928039696784851,-0.9599215795783443,-1.024552160726635
20,-1.5900258214030518,-1.5900258214030518,-1.5900258214030518,-0.8843767439905033,-1.0957100863050784,-0.9508411081185393
21,-1.5830976043163285,-1.5830976043163285,-1.5830976043163285,-0.8335693633624442,-1.1316886766078897,-0.9938916284967424
22,-1.576169387229605,-1.576169387229605,-1.576169387229605,-1.0741414289241766,-1.1354563015044266,-1.1056245910551235
23,-1.5692411701428812,-1.5692411701428812,-1.5692411701428812,-0.9785560624632702,-1.251146123753202,-1.0071408582609547
24,-1.5623129530561577,-1.5623129530561577,-1.5623129530561577,-1.074706608521003,-1.2877550591679547,-1.0651910513006644
25,-1.5553847359694344,-1.5553847359694344,-1.5553847359694344,-0.980782244155976,-1.2251582323282115,-1.4538369363041115
26,-1.5484565188827109,-1.5484565188827109,-1.5484565188827109,-0.9520222448119913,-1.1180039715540164,-1.2255544069819129
27,-1.541528301795987,-1.541528301795987,-1.541528301795987,-0.8648289959582733,-1.2372266327074977,-1.0485256057352241
28,-1.5346000847092636,-1.5346000847092636,-1.5346000847092636,-1.017213583546609,-1.1033032911162248,-1.3581447325246558
29,-1.52767186762254,-1.52767186762254,-1.52767186762254,-0.8659878771375966,-1.1568058160715455,-1.2431383187898684
30,-1.5207436505358167,-1.5207436505358167,-1.5207436505358167,-0.955835895144443,-1.002115977727717,-1.236620378106134
31,-1.513815433449093,-1.513815433449093,-1.513815433449093,-0.6839949801590589,-1.2123629623218224,-1.1404380809936456
32,-1.5068872163623694,-1.5068872163623694,-1.5068872163623694,-0.9185223912237183,-1.198189133957837,-1.2458473116853548
33,-1.499958999275646,-1.499958999275646,-1.499958999275646,-0.8039106614836282,-1.1547815582039833,-1.0465161695187466
34,-1.4930307821889226,-1.4930307821889226,-1.4930307821889226,-0.7860355817986705,-0.9377211527065821,-1.2764156395500452
35,-1.4861025651021986,-1.4861025651021986,-1.4861025651021986,-0.705750150621248,-0.9251418801890896,-1.0217680054366418
36,-1.4791743480154753,-1.4791743480154753,-1.4791743480154753,-0.5136892038531873,-0.8074351487703566,-1.06140438903939
37,-1.4722461309287518,-1.4722461309287518,-1.4722461309287518,-0.6732910898613322,-0.9283337647455453,-0.8539685444285148
38,-1.4653179138420283,-1.4653179138420283,-1.4653179138420283,-0.5062453969359337,-0.7130614764028242,-0.7985263872277446
39,-1.4583896967553047,-1.4583896967553047,-1.4583896967553047,-0.5668038091120952,-0.8017832784821073,-0.8572236288809221
40,-1.4514614796685812,-1.4514614796685812,-1.4514614796685812,-0.5070280958604962,-0.7704754936163423,-0.8254933700930512
41,-1.4445332625818577,-1.4445332625818577,-1.4445332625818577,-0.4908750770373098,-0.7617774675609785,-0.7031759050882276
42,-1.4376050454951341,-1.4376050454951341,-1.4376050454951341,-0.5598130048991188,-0.7333963233104686,-0.7793251031634241
43,-1.4306768284084106,-1.4306768284084106,-1.4306768284084106,-0.24897223230752408,-0.6203061316613356,-0.8353772561474649
44,-1.4237486113216868,-1.4237486113216868,-1.4237486113216868,-0.5526365383408828,-0.5814177688329698,-0.5684891503294585
45,-1.4168203942349635,-1.4168203942349635,-1.4168203942349635,-0.5068950590313446,-0.40800753223043995,-0.8377034785122994
46,-1.40989217714824,-1.40989217714824,-1.40989217714824,-0.2581962551257086,-0.34722963203688917,-0.5967464011884787
47,-1.4029639600615165,-1.4029639600615165,-1.4029639600615165,-0.30287353135210016,-0.15915223309751247,-0.5305292686638139
48,-1.3960357429747927,-1.3960357429747927,-1.3960357429747927,-0.0908969648340898,-0.33489356949056837,-0.27281020775238124
49,-1.3891075258880694,-1.3891075258880694,-1.3891075258880694,-0.18344489770607988,-0.16127243330295826,-0.3315573816517595
50,-1.3821793088013459,-1.3821793088013459,-1.3821793088013459,-0.10753462005721957,-0.008962829273808468,-0.2806063682537312
51,-1.3752510917146221,-1.3752510917146221,-1.3752510917146221,-0.25843957699996484,-0.05062128534381555,-0.2632932067336164
52,-1.3683228746278988,-1.3683228746278988,-1.3683228746278988,-0.21440819406220052,0.1655184066642104,-0.17535910682551528
53,-1.361394657541175,-1.361394657541175,-1.361394657541175,-0.014486045883931375,0.10426334498685302,-0.21421156014879264
54,-1.3544664404544517,-1.3544664404544517,-1.3544664404544517,-0.07791963993586941,0.41784820563935116,-0.046930179586776526
55,-1.347538223367728,-1.347538223367728,-1.347538223367728,0.009148648464840245,0.5122882678578149,0.11376857649689132
56,-1.3406100062810045,-1.3406100062810045,-1.3406100062810045,-0.24067376771111892,0.6242388717787166,-0.13716367095356558
57,-1.333681789194281,-1.333681789194281,-0.9872709348581041,-0.08399526398890354,0.6388296234281643,1.1134958800146846
58,-1.3267535721075576,-1.3267535721075576,-0.9803427177713805,-0.2291215191716584,0.8066775799470967,0.9828514248168819
59,-1.319825355020834,-1.319825355020834,-0.973414500684657,-0.11327342690764386,0.7992053191396679,1.0845221130544753
60,-1.3128971379341103,-1.3128971379341103,-0.9664862835979334,-0.1584848891672605,1.0562329813070885,0.9934287183968603
61,-1.3059689208473868,-1.3059689208473868,-0.9595580665112099,-0.14303294398064845,1.2619924831348501,0.759952503642938
62,-1.2990407037606633,-1.2990407037606633,-0.9526298494244863,-0.2372422881711851,1.1136666653968648,0.8263006645435591
63,-1.29211248667394,-1.29211248667394,-0.9457016323377628,-0.19021956532125103,1.2792349862990975,0.9068440379144133
64,-1.2851842695872162,-1.2851842695872162,-0.9387734152510392,-0.203367379904165,1.2116623874281116,0.8562226366845412
65,-1.2782560525004927,-1.2782560525004927,-0.9318451981643158,-0.40622808138836375,1.3782822599232185,0.9997629575245615
66,-1.2713278354137691,-1.2713278354137691,-0.9249169810775921,-0.3139681603154206,1.2615443105605852,0.738264775143333
67,-1.2643996183270458,-1.2643996183270458,-0.9179887639908687,-0.3766417554017571,1.0446399056468052,0.7518581418822692
68,-1.257471401240322,-1.257471401240322,-0.9110605469041452,-0.41418296077342776,1.0502515628753382,0.9312377989281259
69,-1.2505431841535986,-1.2505431841535986,-0.9041323298174216,-0.5011801952529932,1.2089706702687033,0.8408929724963187
70,-1.243614967066875,-1.243614967066875,-0.8972041127306981,-0.506398773301018,1.0415916785308406,0.8643836075527458
71,-1.2366867499801515,-1.2366867499801515,-0.8902758956439745,-0.4122144316221522,1.0587377876779396,0.9711089945044354
72,-1.2297585328934277,-1.2297585328934277,-0.8833476785572509,-0.34026310105996893,1.3787211703383084,0.938218338800538
73,-1.2228303158067044,-1.2228303158067044,-0.8764194614705274,-0.48033178042650104,1.2021910770450426,0.9109172182252164
74,-1.215902098719981,-1.215902098719981,-0.8694912443838038,-0.5396296290105291,1.1947083592413008,0.9426411886212768
75,-1.2089738816332571,-1.2089738816332571,-0.8625630272970803,-0.5482242799889886,1.1642781285982269,1.0074938069575146
76,-1.2020456645465336,-1.2020456645465336,-0.8556348102103569,-0.6004983173748388,1.2203277416479117,1.0865795643123934
77,-1.19511744745981,-1.19511744745981,-0.8487065931236333,-0.45161707285609776,0.9852580386362317,1.1494800990500056
78,-1.1881892303730868,-1.1881892303730868,-0.8417783760369097,-0.512135505352815,1.0452333657700912,1.2446986135120577
79,-1.1812610132863632,-1.1812610132863632,-0.8348501589501862,-0.4603715091951166,1.1106364532503152,1.3420697751922797
80,-1.1743327961996397,-1.1743327961996397,-0.8279219418634627,-0.5494751128508918,1.2466962036880558,1.324937997314347
81,-1.167404579112916,-1.167404579112916,-0.820993724776739,-0.4753852048856622,1.1481574301705584,1.28426171832953
82,-1.1604763620261924,-1.1604763620261924,-0.8140655076900156,-0.5270251738082042,1.0164521890162501,1.2355955193782104
83,-1.1535481449394691,-1.1535481449394691,-0.807137290603292,-0.7751688363910005,1.0587550289351775,1.2402993119123613
84,-1.1466199278527454,-1.1466199278527454,-0.8002090735165686,-0.5610414482072839,1.1203515306273828,1.257162102767277
85,-1.1396917107660218,-1.1396917107660218,-0.7932808564298449,-0.6079326124603809,1.1221627197380744,1.3878446840438778
86,-1.1327634936792983,-1.1327634936792983,-0.7863526393431215,-0.5725786735896184,1.0858339133978685,1.3443516740349564
87,-1.125835276592575,-1.125835276592575,-0.7794244222563979,-0.48285110189943026,1.0283833835558855,1.178691985185749
88,-1.1189070595058512,-1.1189070595058512,-0.7724962051696744,-0.5940656147674241,1.0752625238462503,1.309919417661687
89,-1.1119788424191277,-1.1119788424191277,-0.7655679880829508,-0.7769752791807613,0.949095977342623,1.363660805255924
90,-1.1050506253324042,-1.1050506253324042,-0.7586397709962271,-0.7860162216451877,0.9639501036174479,1.2111184272200877
91,-1.0981224082456806,-1.0981224082456806,-0.7517115539095037,-0.9309567091978749,0.9910913260931874,1.1797164267872753
92,-1.091194191158957,-1.091194191158957,-0.7447833368227801,-0.7924122192025767,0.8036714862621402,1.3665976693953918
93,-1.0842659740722336,-1.0842659740722336,-0.7378551197360566,-0.8287081049186071,0.9657766475647696,1.0648639315682837
94,-1.07733775698551,-1.07733775698551,-0.730926902649333,-0.746929275969501,0.7225447957959822,1.067567775269619
95,-1.0704095398987865,-1.0704095398987865,-0.7239986855626095,-0.7874429305197314,0.8840762919472333,1.2606478785077297
96,-1.063481322812063,-1.063481322812063,-0.7170704684758858,-0.6170619349026836,1.014052081639302,1.059230512863303
97,-1.0565531057253392,-1.0565531057253392,-0.7101422513891624,-0.5998102696871348,1.0809582146135066,1.0339878202767854
98,-1.049624888638616,-1.049624888638616,-0.7032140343024388,-0.8027162456496851,0.8184964767801635,1.2053711444330772
99,-1.0426966715518924,-1.0426966715518924,-0.6962858172157154,-0.6031776970243219,1.0957499880395423,1.1744764118837598
100,-1.0357684544651689,-1.0357684544651689,-0.6893576001289917,-0.6982486022857343,0.9564589820534289,1.1627528871434987
101,-1.028840237378445,-1.028840237378445,-0.6824293830422683,-0.6132425259874271,1.0540768750273903,1.0915173809145156
102,-1.0219120202917218,-1.0219120202917218,-0.6755011659555447,-0.7318497683659775,1.0602498054842193,1.0588437407896927
103,-1.0149838032049983,-1.0149838032049983,-0.6685729488688213,-0.5615732856999018,1.0535957994614347,1.0310766161952587
104,-1.0080555861182747,-1.0080555861182747,-0.6616447317820977,-0.7280318554091683,1.0581452009770302,0.8941888820255613
105,-1.0011273690315512,-1.0011273690315512,-0.6547165146953743,-0.6256852400404221,1.0183669285465338,0.9643898871970338
106,-0.9941991519448276,-0.9941991519448276,-0.6477882976086506,-0.7161738225012835,1.2553326857252938,1.0323835737087776
107,-0.9872709348581041,-0.9872709348581041,-0.6408600805219272,-0.7301317524588001,1.161728778307484,0.9186935606217423
108,-0.9803427177713805,-0.9803427177713805,-0.6339318634352036,-0.8356703941255863,0.9932201217857173,1.06484065755761
109,-0.973414500684657,-0.973414500684657,-0.6270036463484802,-0.8572585910978046,0.9673312604386957,1.117199170693612
110,-0.9664862835979334,-0.9664862835979334,-0.6200754292617565,-0.882633826614293,0.8290424970039978,1.1425099447759126
111,-0.9595580665112099,-0.9595580665112099,-0.613147212175033,-0.7001056694748627,0.9009872422977065,0.9909179432584403
112,-0.9526298494244863,-0.9526298494244863,-0.6062189950883095,-0.7350450877052103,0.8878170480989088,1.2643390067332148
113,-0.9457016323377628,-0.9457016323377628,-0.5992907780015858,-0.9261925149233248,0.9071169655587438,0.9229634606958381
114,-0.9387734152510392,-0.9387734152510392,-0.5923625609148623,-0.7710089296252485,0.776031217233563,1.2576363813236462
115,-0.9318451981643158,-0.9318451981643158,-0.5854343438281387,-0.8978029307157773,0.6542809098287307,1.365354577521711
116,-0.9249169810775921,-0.9249169810775921,-0.5785061267414152,-0.995160241659042,0.8975793906923393,1.342750789528657
117,-0.9179887639908687,-0.9179887639908687,-0.5715779096546916,-0.9452815710098113,0.8799883370587367,1.4432373866580126
118,-0.9110605469041452,-0.9110605469041452,-0.5646496925679682,-0.7350400425426495,0.9192320394594317,1.1944472112113569
119,-0.9041323298174216,-0.9041323298174216,-0.5577214754812445,-0.6224683497517756,0.7864451691526072,1.2641896451425267
120,-0.8972041127306981,-0.8972041127306981,-0.5507932583945211,-0.7484842944098706,1.0829769533564584,0.9942380146313872
121,-0.8902758956439745,-0.8902758956439745,-0.5438650413077974,-0.8461696184963637,0.8989613582319521,1.1516198811758902
122,-0.8833476785572509,-0.8833476785572509,-0.536936824221074,-0.6786655990461332,0.9664292504449645,1.0459264456500146
123,-0.8764194614705274,-0.8764194614705274,-0.5300086071343504,-0.6674270391862808,1.0249699436968498,1.1785669607779954
124,-0.8694912443838038,-0.8694912443838038,-0.5230803900476269,-0.7494397669235551,0.7879752729905579,1.0646079627634069
125,-0.8625630272970803,-0.8625630272970803,-0.5161521729609033,-0.6052992548727312,1.2169545034861886,1.1629444425448714
126,-0.8556348102103569,-0.8556348102103569,-0.5092239558741798,-0.5143801908066247,1.2437740028311786,1.2506400739658972
127,-0.8487065931236333,-0.8487065931236333,-0.5022957387874561,-0.5376577658950612,1.2705641410171065,1.2007247306296653
128,-0.8417783760369097,-0.8417783760369097,-0.49536752170073256,-0.40571792583938704,1.3246281707306042,0.9629333844071275
129,-0.8348501589501862,-0.8348501589501862,-0.48843930461400914,-0.2669590194159219,1.3643866562831164,1.036641140882575
130,-0.8279219418634627,-0.8279219418634627,-0.4815110875272855,-0.21719633917387055,1.420668052523186,1.065230585806819
131,-0.820993724776739,-0.820993724776739,-0.4745828704405622,-0.18259290749388454,1.321876955647388,1.2566480866320755
132,-0.8140655076900156,-0.8140655076900156,-0.46765465335383877,-0.2028358749589797,1.4182819581655584,1.0708160019449153
133,-0.807137290603292,-0.807137290603292,-0.4607264362671151,-0.1021255052013855,1.3601543677558836,1.2133151755135303
134,-0.8002090735165686,-0.8002090735165686,-0.4537982191803915,-0.013931330255263163,1.2712126753617168,1.270540528604674
135,-0.7932808564298449,-0.7932808564298449,-0.44687000209366806,0.04626997510751117,1.321914567576323,1.1673219865846574
136,-0.7863526393431215,-0.7863526393431215,-0.4399417850069444,0.07964872849675206,1.252323946866378,1.159582866689245
137,-0.7794244222563979,-0.7794244222563979,-0.43301356792022094,0.08882452763397486,1.1962317924414971,0.9991722158742176
138,-0.7724962051696744,-0.7724962051696744,-0.42608535083349736,0.2976826143269614,1.257041883770925,1.1989363452210697
139,-0.7655679880829508,-0.7655679880829508,-0.4191571337467739,0.48622712159409565,1.1722042737547906,1.1163167905379703
140,-0.7586397709962271,-0.7586397709962271,-0.41222891666005024,0.3641470322032914,1.2921813302958092,1.0124659988957287
141,-0.7517115539095037,-0.7517115539095037,-0.4053006995733268,0.3813712837827,1.2240126112020333,1.3193981216002637
142,-0.7447833368227801,-0.7447833368227801,-0.3983724824866032,0.5173770692529248,1.301157226200021,1.0943122168187784
143,-0.7378551197360566,-0.7378551197360566,-0.3914442653998797,0.903586725417015,1.257281824143267,1.1639212821775882
144,-0.730926902649333,-0.730926902649333,-0.3845160483131561,0.7564472252884906,1.230290010725235,1.1951833710697326
145,-0.7239986855626095,-0.7239986855626095,-0.37758783122643264,0.958780183979746,1.080229610621264,1.17541230610497
146,-0.7170704684758858,-0.7170704684758858,-0.370659614139709,1.2125249973911083,1.2230525217394368,1.2157001019197546
147,-0.7101422513891624,-0.7101422513891624,-0.3637313970529855,1.2373671509076634,1.1629683759062504,1.1066641634703727
148,-0.7032140343024388,-0.7032140343024388,-0.35680317996626193,1.3713480381457888,1.1153361889903202,1.2498009777889365
149,-0.6962858172157154,-0.6962858172157154,-0.3498749628795383,1.5573295705783794,1.0643173073688996,1.019829396741899
150,-0.6893576001289917,-0.6893576001289917,-0.3429467457928148,1.4890526005894464,1.1038476032282176,1.0980794810858239
151,-0.6824293830422683,-0.6824293830422683,-0.3360185287060912,1.732550922134248,0.9548576635172498,1.2600806465931071
152,-0.6755011659555447,-0.6755011659555447,-0.32909031161936775,1.7080009279574684,1.0362836313536297,1.1045695132999342
153,-0.6685729488688213,-0.6685729488688213,-0.3221620945326441,1.5821275520497264,1.0704090566515632,1.149261535367689
154,-0.6616447317820977,-0.6616447317820977,-0.3152338774459207,1.4446543279011677,0.9295090918118954,1.2637916755512328
155,-0.6547165146953743,-0.6547165146953743,-0.30830566035919704,1.5194567256637923,0.977309895972282,1.1384235412881796
156,-0.6477882976086506,-0.6477882976086506,-0.30137744327247357,1.6781793437190633,0.7548683521039656,0.9278615692356049
157,-0.6408600805219272,-0.6408600805219272,-0.29444922618575,1.3232291468221196,1.099491873999082,1.2602231006547397
158,-0.6339318634352036,-0.6339318634352036,-0.28752100909902667,1.4157394137079031,0.9038013654792871,1.047995950747292
159,-0.6270036463484802,-0.6270036463484802,-0.280592792012303,1.364938842432217,0.8794690419345108,1.0805512322463144
160,-0.6200754292617565,-0.6200754292617565,-0.2736645749255796,1.4373393928322542,1.1026100294937025,1.4387215599547316
161,-0.613147212175033,-0.613147212175033,-0.26673635783885596,1.540603904366661,1.2029192006074039,1.2305603055142607
162,-0.6062189950883095,-0.6062189950883095,-0.2598081407521325,1.6655988386918557,0.9959394631574863,1.3330133822443946
163,-0.5992907780015858,-0.5992907780015858,-0.2528799236654089,1.7813279499077705,1.1326084506888983,1.3531809765962002
164,-0.5923625609148623,-0.5923625609148623,-0.24595170657868543,1.5870620021550814,1.0536263884909831,1.2929404282775698
165,-0.5854343438281387,-0.5854343438281387,-0.23902348949196198,1.387523483639405,1.27370742842259,1.180470672138074
166,-0.5785061267414152,-0.5785061267414152,-0.23209527240523817,1.624288880283128,1.2171250156361082,1.296819277364133
167,-0.5715779096546916,-0.5715779096546916,-0.22516705531851472,1.7234979807370645,1.2840662338277014,1.0563742971059251
168,-0.5646496925679682,-0.5646496925679682,-0.21823883823179127,1.6564175697893708,1.3036921819923595,1.2364294295161697
169,-0.5577214754812445,-0.5577214754812445,-0.2113106211450678,1.6806935691311011,1.0856965708272592,1.1484882207141445
170,-0.5507932583945211,-0.5507932583945211,-0.204382404058344,1.5043753918726908,1.2224322279391053,1.022082682174166
171,-0.5438650413077974,-0.5438650413077974,-0.19745418697162057,1.6984136535121657,1.2238444325767337,1.1441328874373558
172,-0.536936824221074,-0.536936824221074,-0.1905259698848971,1.4863756577079485,1.1072052004865116,1.183918510833193
173,-0.5300086071343504,-0.5300086071343504,-0.1835977527981733,1.540749101852572,1.026980789565202,1.1769213281138022
174,-0.5230803900476269,-0.5230803900476269,-0.17666953571144986,1.495682108257408,0.9905893125488672,0.9899244210003598
175,-0.5161521729609033,-0.5161521729609033,-0.16974131862472638,1.5326660597924253,1.369376002300111,1.0215117037574526
176,-0.5092239558741798,-0.5092239558741798,-0.16281310153800294,1.6725168511566217,1.0250967244379787,1.0651037948820943
177,-0.5022957387874561,-0.5022957387874561,-0.15588488445127915,1.6435560889702354,1.1166639939848144,0.9217109604336768
178,-0.49536752170073256,-0.49536752170073256,-0.14895666736455568,1.5756473450627781,1.143501151774752,0.7338657316579533
179,-0.48843930461400914,-0.48843930461400914,-0.14202845027783223,1.6753280414185374,1.2511838275403255,0.7854584400239861
180,-0.4815110875272855,-0.4815110875272855,-0.13510023319110875,1.5342734799798887,1.2515128557668933,0.7556906405571358
181,-0.4745828704405622,-0.4745828704405622,-0.12817201610438497,1.5926197423604393,1.0928808612377245,0.7585024392945914
182,-0.46765465335383877,-0.46765465335383877,-0.12124379901766152,1.5419339522886615,1.2247571604097003,0.7976478637956272
183,-0.4607264362671151,-0.4607264362671151,-0.11431558193093806,1.7418920425257498,1.3343191749488756,0.7393812477506507
184,-0.4537982191803915,-0.4537982191803915,-0.1073873648442146,1.5959441643290975,1.3438970247333537,0.7705191942603293
185,-0.44687000209366806,-0.44687000209366806,-0.10045914775749082,1.7026714669121372,1.257985645863596,0.7094408473815507
186,-0.4399417850069444,-0.4399417850069444,-0.09353093067076769,1.6510503711206077,1.1173318629282194,0.48926586126562893
187,-0.43301356792022094,-0.43301356792022094,-0.0866027135840439,1.8393138515049152,1.3067739885165135,0.5148955550523145
188,-0.42608535083349736,-0.42608535083349736,-0.07967449649732043,1.6032409257340705,1.1334559594788944,0.4974937563723289
189,-0.4191571337467739,-0.4191571337467739,-0.07274627941059698,1.5633977891423056,1.3196014801959168,0.7003844627644055
190,-0.41222891666005024,-0.41222891666005024,-0.06581806232387352,1.5308476211112862,1.1277023041236824,0.6488091526740584
191,-0.4053006995733268,-0.4053006995733268,-0.058889845237149734,1.6758726136442577,1.0368520060341417,0.497657823877787
192,-0.3983724824866032,-0.3983724824866032,-0.05196162815042627,1.6319262022563745,1.2235206214987815,0.564568954465673
193,-0.3914442653998797,-0.3914442653998797,-0.045033411063702816,1.5638490319406968,1.105863845293753,0.6955493973136327
194,-0.3845160483131561,-0.3845160483131561,-0.03810519397697903,1.3918078876233708,1.191831109922675,0.6901315676791202
195,-0.37758783122643264,-0.37758783122643264,-0.031176976890255566,1.6175956876701405,1.1733186573814085,0.5824004634151442
196,-0.370659614139709,-0.370659614139709,-0.024248759803532107,1.6003866106736777,1.0423929156946974,0.5458914693325821
197,-0.3637313970529855,-0.3637313970529855,-0.01732054271680865,1.5554478632994975,1.223330359240859,0.8358321789901819
198,-0.35680317996626193,-0.35680317996626193,-0.010392325630084862,1.5528274325252875,1.0112680351182304,0.9129775800855027
199,-0.3498749628795383,-0.3498749628795383,-0.003464108543361402,1.432408879994154,0.9256459381114419,0.8829026203044907
200,-0.3429467457928148,-0.3429467457928148,0.003464108543362057,1.4769071550248063,1.136738227496335,0.9748693585754761
201,-0.3360185287060912,-0.3360185287060912,0.010392325630085516,1.3906522167869666,1.095488516478436,0.8449285928627122
202,-0.32909031161936775,-0.32909031161936775,0.017320542716808975,1.4934308540654229,1.1709363173048313,0.9714036140595963
203,-0.3221620945326441,-0.3221620945326441,0.024248759803532437,1.556499307843454,0.9935346997526463,1.1796716602934936
204,-0.3152338774459207,-0.3152338774459207,0.03117697689025622,1.3201750726916088,1.0847949425170598,1.0766419388771733
205,-0.30830566035919704,-0.30830566035919704,0.03810519397697968,1.7446034430588997,1.1201379447243769,1.1599640809760954
206,-0.30137744327247357,-0.30137744327247357,0.04503341106370314,1.5057853524896296,0.8693503769859658,1.0989070364482194
207,-0.29444922618575,-0.29444922618575,0.0519616281504266,1.6912912931479016,1.141526139465688,1.3349981739363381
208,-0.28752100909902667,-0.28752100909902667,0.058889845237150386,1.7297654086220753,1.220214241298931,1.4353649455423232
209,-0.280592792012303,-0.280592792012303,0.06581806232387384,1.7028309521535328,1.0901817902530953,1.1343263514765225
210,-0.2736645749255796,-0.2736645749255796,0.0727462794105973,1.5110945225680832,1.145780146229262,1.1949183933583694
211,-0.26673635783885596,-0.26673635783885596,0.07967449649732077,1.637760152956062,1.2349495385964233,1.2816968378538074
212,-0.2598081407521325,-0.2598081407521325,0.08660271358404455,1.7291066447911037,1.2100527293339602,1.1019510294625947
213,-0.2528799236654089,-0.2528799236654089,0.09353093067076801,1.5860206464558197,1.384310105693633,1.2840517597310614
214,-0.24595170657868543,-0.24595170657868543,0.10045914775749147,1.7076867544309384,1.3666958155464526,1.254773662403876
215,-0.23902348949196198,-0.23902348949196198,0.10738736484421525,1.6423991778377462,1.1469585267922744,1.0948035846441846
216,-0.23209527240523817,-0.23209527240523817,0.11431558193093871,1.560754616048178,1.2444534107567584,1.2147478879850604
217,-0.22516705531851472,-0.22516705531851472,0.12124379901766218,1.5024806765042502,1.1091739471405835,1.2029078083637517
218,-0.21823883823179127,-0.21823883823179127,0.12817201610438564,1.5706487340149895,1.1364061312585858,1.2041284903819727
219,-0.2113106211450678,-0.2113106211450678,0.13510023319110942,1.6563258525822149,1.046857792567348,1.071057180618939
220,-0.204382404058344,-0.204382404058344,0.14202845027783287,1.7131267524642992,1.1671687877357604,1.23009478013867
221,-0.19745418697162057,-0.19745418697162057,0.14895666736455634,1.6125820237954274,1.188934270223511,1.144957920769592
222,-0.1905259698848971,-0.1905259698848971,0.1558848844512798,1.7646667114589973,1.1140561992063156,1.1620331357597518
223,-0.1835977527981733,-0.1835977527981733,0.16281310153800357,1.5769918305707644,1.1632129104625506,1.0120526326437742
224,-0.17666953571144986,-0.17666953571144986,0.16974131862472705,1.5476958176568796,1.0841027113079742,0.9201045005870205
225,-0.16974131862472638,-0.16974131862472638,0.1766695357114505,1.6283203202679364,0.9313743840929884,1.2206051962164346
226,-0.16281310153800294,-0.16281310153800294,0.18359775279817397,1.5697233631885064,0.9618236610670905,0.9769727303306044
227,-0.15588488445127915,-0.15588488445127915,0.19052596988489776,1.589614732203089,0.8841787956874121,0.84940469341654
228,-0.14895666736455568,-0.14895666736455568,0.1974541869716212,1.380496356893098,1.10459448651517,0.9213335417165129
229,-0.14202845027783223,-0.14202845027783223,0.20438240405834468,1.3852144866005456,0.747870469144323,0.8949354959898036
230,-0.13510023319110875,-0.13510023319110875,0.21131062114506846,1.2505970888328275,0.8859296630283982,0.6226591967825152
231,-0.12817201610438497,-0.12817201610438497,0.2182388382317919,1.4004425244992573,0.8038573523342385,0.6828516888569777
232,-0.12124379901766152,-0.12124379901766152,0.22516705531851539,1.32672747023021,0.6886161149916507,0.5954049506313628
233,-0.11431558193093806,-0.11431558193093806,0.23209527240523883,1.2973446089411569,0.578977779055644,0.33323044812563585
234,-0.1073873648442146,-0.1073873648442146,0.23902348949196262,1.1831252756531736,0.4926454512646836,0.6274267899143277
235,-0.10045914775749082,-0.10045914775749082,0.2459517065786861,1.2025631752133084,0.2422124774244847,0.6560677138656382
236,-0.09353093067076769,-0.09353093067076769,0.2528799236654095,1.0159904531887223,0.6091732673299896,0.4069509588248519
237,-0.0866027135840439,-0.0866027135840439,0.259808140752133,0.914795774411696,0.4517294374340984,0.43080598129357217
238,-0.07967449649732043,-0.07967449649732043,0.2667363578388568,0.921634578130822,0.3637770350739814,0.4926801882160347
239,-0.07274627941059698,-0.07274627941059698,0.2736645749255802,1.0286604729091788,0.39107811087235156,0.13026646117226692
240,-0.06581806232387352,-0.06581806232387352,0.2805927920123037,1.083023743896729,0.4128903565071567,0.1316892613801961
241,-0.058889845237149734,-0.058889845237149734,0.28752100909902717,1.1822656680867065,0.3602187799392512,0.11053608543557557
242,-0.05196162815042627,-0.05196162815042627,0.2944492261857509,1.2526812146496091,0.15064598668063447,-0.3504055424671259
243,-0.045033411063702816,-0.045033411063702816,0.3013774432724744,1.162334583444488,0.12120959627349298,-0.3966112758888319
244,-0.03810519397697903,-0.03810519397697903,0.3083056603591979,1.3081341711652061,0.21588362800199365,-0.4026627886324011
245,-0.031176976890255566,-0.031176976890255566,0.31523387744592135,1.1792066610247751,0.3171042869027171,-0.6082213929884637
246,-0.024248759803532107,-0.024248759803532107,0.3221620945326451,1.2943367587175298,0.05579009188045447,-0.9484520638102218
247,-0.01732054271680865,-0.01732054271680865,0.3290903116193686,1.516059517040745,0.37134674822078206,-0.8938366084462581
248,-0.010392325630084862,-0.010392325630084862,0.33601852870609206,1.5558587552372003,0.2913053965689301,-0.8544872722318381
249,-0.003464108543361402,-0.003464108543361402,0.3429467457928158,1.713487456887343,0.25045696995310857,-1.2960182419074686
250,0.003464108543362057,0.003464108543362057,0.3498749628795393,1.6373924220235927,0.4294884235822525,-1.3410286829070885
251,0.010392325630085516,0.010392325630085516,0.35680317996626276,1.5807918615129075,0.4131153556824612,-1.2350796223690232
252,0.017320542716808975,0.017320542716808975,0.3637313970529862,1.6944514078395876,0.5551287793379144,-1.1113852510555442
253,0.024248759803532437,0.024248759803532437,0.37065961413971,1.4882246950256153,0.7231702142888283,-1.197418182985561
254,0.03117697689025622,0.03117697689025622,0.37758783122643347,1.7936709529521861,0.9003223839365901,-1.0572274984943317
255,0.03810519397697968,0.03810519397697968,0.38451604831315656,1.7878358625927504,0.909291036562366,-0.8916036396570927
256,0.04503341106370314,0.04503341106370314,0.39144426539988003,1.6621698290745077,0.9609598300307086,-1.0618606604251237
257,0.0519616281504266,0.0519616281504266,0.39837248248660384,1.7439317017609262,1.218326313212471,-0.801465582179802
258,0.058889845237150386,0.058889845237150386,0.40530069957332726,1.739235747316676,1.6985506188427473,-1.0857569590740836
259,0.06581806232387384,0.06581806232387384,0.41222891666005074,1.6835382428596741,1.3642403633233573,-0.9497946292570599
260,0.0727462794105973,0.0727462794105973,0.4191571337467742,1.5992288783714312,1.4775265841603162,-1.0593354799658672
261,0.07967449649732077,0.07967449649732077,0.42608535083349797,1.7456764137331588,1.129098354025954,-1.235964378772968
262,0.08660271358404455,0.08660271358404455,0.43301356792022144,1.7891130175210819,1.385217219253992,-1.2246929946078338
263,0.09353093067076801,0.09353093067076801,0.4399417850069449,1.7288265397294158,1.3519338179198064,-0.9764841055158545
264,0.10045914775749147,0.10045914775749147,0.44687000209366834,1.6384804082428797,1.0512912176123963,-1.1208066551556417
265,0.10738736484421525,0.10738736484421525,0.45379821918039215,1.7218663034673465,1.2723961801159334,-1.0894586040046235
266,0.11431558193093871,0.11431558193093871,0.4607264362671156,1.588458269870578,1.1287915010439535,-1.268692881726499
267,0.12124379901766218,0.12124379901766218,0.46765465335383904,1.6158138627963268,0.9503424656630345,-1.0878570835887071
268,0.12817201610438564,0.12817201610438564,0.4745828704405625,1.694464187645574,1.0817865780163596,-1.1683031804376625
269,0.13510023319110942,0.13510023319110942,0.48151108752728633,1.5081423636018685,1.1832291633369392,-0.9269951772192349
270,0.14202845027783287,0.14202845027783287,0.48843930461400975,1.4578417686957221,1.121920166361127,-1.0385635587732276
271,0.14895666736455634,0.14895666736455634,0.4953675217007332,1.587717036822244,0.9678621815072661,-1.00295123905225
272,0.1558848844512798,0.1558848844512798,0.5022957387874567,1.5642921143674482,1.1188144325549878,-1.0832722059350486
273,0.16281310153800357,0.16281310153800357,0.5092239558741805,1.673817484963483,0.9573652508574753,-0.8623048103445118
274,0.16974131862472705,0.16974131862472705,0.516152172960904,1.659140597910917,1.21233355363518,-1.1802113907104324
275,0.1766695357114505,0.1766695357114505,0.5230803900476274,1.3827799646502281,1.0315233556282224,-0.825527386122115
276,0.18359775279817397,0.18359775279817397,0.5300086071343512,1.2958375843651253,0.7465883611176676,-0.9761388965318217
277,0.19052596988489776,0.19052596988489776,0.5369368242210747,1.4596408886863328,0.8427590274495097,-1.0468411564853553
278,0.1974541869716212,0.1974541869716212,0.5438650413077981,1.4449169482524247,0.8505606111155606,-1.1583908781140861
279,0.20438240405834468,0.20438240405834468,0.5507932583945215,1.424717232580359,0.711534138634144,-0.9853540700543091
280,0.21131062114506846,0.21131062114506846,0.5577214754812454,1.1542664186307354,0.7231126527691644,-1.0124972076399266
281,0.2182388382317919,0.2182388382317919,0.5646496925679688,1.2243226393555953,0.8059561010090783,-1.1681951491226354
282,0.22516705531851539,0.22516705531851539,0.5715779096546922,1.2540976797558152,0.6555099961729277,-1.1654262160568363
283,0.23209527240523883,0.23209527240523883,0.5785061267414158,1.047988562638362,0.46464884078879415,-1.0110276337957753
284,0.23902348949196262,0.23902348949196262,0.5854343438281395,0.9062158490052977,0.3919821441573842,-1.1562842146500503
285,0.2459517065786861,0.2459517065786861,0.592362560914863,0.9528334032851585,0.20616631996519946,-0.9229596842241904
286,0.2528799236654095,0.2528799236654095,0.5992907780015865,1.0504440840645448,0.15791624930579717,-0.9420060544295653
287,0.259808140752133,0.259808140752133,0.6062189950883099,0.9490736763938623,0.016114692857968696,-1.1435428431671177
288,0.2667363578388568,0.2667363578388568,0.6131472121750337,0.903453736634017,0.012930640411069973,-0.9417909910351648
289,0.2736645749255802,0.2736645749255802,0.6200754292617572,0.899078431274281,-0.2574609291386224,-0.934297645318241
290,0.2805927920123037,0.2805927920123037,0.6270036463484806,0.7700949972367224,-0.3277195489162445,-1.0610594314728061
291,0.28752100909902717,0.28752100909902717,0.6339318634352044,0.5681417024464324,-0.5112295038574715,-1.020863943484008
292,0.2944492261857509,0.2944492261857509,0.6408600805219279,0.6401669544618668,-0.5811796172852222,-0.9350857451979672
293,0.3013774432724744,0.3013774432724744,0.6477882976086513,0.798421492380271,-0.8328685877463387,-0.9887998582179411
294,0.3083056603591979,0.3083056603591979,0.6547165146953747,0.5746521762779424,-1.0112924686653413,-1.0753700288022603
295,0.31523387744592135,0.31523387744592135,0.6616447317820986,0.5838418103185683,-1.3557033706167279,-1.052341717650121
296,0.3221620945326451,0.3221620945326451,0.668572948868822,0.2714037107010885,-1.4386882299808355,-0.7694997695508967
297,0.3290903116193686,0.3290903116193686,0.6755011659555454,0.1189482390064502,-1.4736461880758471,-1.1725219195133132
298,0.33601852870609206,0.33601852870609206,0.682429383042269,0.07004998382399728,-1.43944160443925,-1.0032471244780135
299,0.3429467457928158,0.3429467457928158,0.6893576001289927,0.04138863323985094,-1.3667103401725966,-1.0790414052840327
300,0.3498749628795393,0.3498749628795393,0.6962858172157161,-0.3418637024596993,-1.1608172588860743,-0.8199637382913665
301,0.35680317996626276,0.35680317996626276,0.7032140343024397,-0.38710247749846516,-1.180662714966791,-0.8247519269031411
302,0.3637313970529862,0.3637313970529862,0.7101422513891631,-0.8432383299850321,-1.0725508197111882,-1.1254267543977057
303,0.37065961413971,0.37065961413971,0.7170704684758868,-0.9734761916774475,-1.0113406302863084,-0.8631895607852955
304,0.37758783122643347,0.37758783122643347,0.7239986855626104,-1.0789309871854387,-1.1766255008764197,-0.8727268783208595
305,0.38451604831315656,0.38451604831315656,0.7309269026493338,-1.0010750893094422,-1.2253317922388312,-1.0443760229993075
306,0.39144426539988003,0.39144426539988003,0.7378551197360576,-1.1030228147560985,-1.1203969602984531,-1.035420997927856
307,0.39837248248660384,0.39837248248660384,0.7447833368227811,-1.011943601539868,-1.2511648669155706,-0.7998246511821253
308,0.40530069957332726,0.40530069957332726,0.7517115539095045,-0.8994553958561176,-1.0617944928139993,-0.8457203292713754
309,0.41222891666005074,0.41222891666005074,0.7586397709962279,-0.7517743421304945,-1.044679422773822,-0.852128324933016
310,0.4191571337467742,0.4191571337467742,0.7655679880829518,-0.6606587144392979,-1.1652051606314426,-0.8493947188310336
311,0.42608535083349797,0.42608535083349797,0.7724962051696749,-0.869081687142467,-1.1036613583340826,-0.8101836268950932
312,0.43301356792022144,0.43301356792022144,0.7794244222563983,-0.7614423363714923,-1.2192128401132598,-0.8138865774393115
313,0.4399417850069449,0.4399417850069449,0.7863526393431218,-0.9145673743679135,-1.3158079345441442,-0.7435623123015797
314,0.44687000209366834,0.44687000209366834,0.7932808564298452,-0.758066677774971,-1.138979001108241,-0.7394030147896431
315,0.45379821918039215,0.45379821918039215,0.800209073516569,-0.8933921987532047,-1.3680981049410732,-0.6925333048666829
316,0.4607264362671156,0.4607264362671156,0.8071372906032925,-1.0403178699800393,-1.128009936140234,-0.5803588684180835
317,0.46765465335383904,0.46765465335383904,0.814065507690016,-1.101143903173813,-1.4005013546535476,-0.7881500083532563
318,0.4745828704405625,0.4745828704405625,0.8209937247767397,-0.9118063463626549,-1.0248197679952589,-0.6768835942681105
319,0.48151108752728633,0.48151108752728633,0.8279219418634632,-0.9673387475782548,-1.2606345493717404,-0.5573355128535871
320,0.48843930461400975,0.48843930461400975,0.8348501589501867,-1.018151640629327,-1.0428507026693676,-0.46012190926877095
321,0.4953675217007332,0.4953675217007332,0.8417783760369101,-0.8925322782184381,-1.006693651711098,-0.6071733006522528
322,0.5022957387874567,0.5022957387874567,0.848706593123634,-0.7143940022290995,-0.9607167578788177,-0.7890123274865118
323,0.5092239558741805,0.5092239558741805,0.8556348102103574,-0.6807482758979057,-0.9223536782393563,-0.8019851268748015
324,0.516152172960904,0.516152172960904,0.8625630272970808,-0.644882459409877,-1.0121912212489235,-0.8044013722216244
325,0.5230803900476274,0.5230803900476274,0.8694912443838043,-0.928890079286803,-1.0330578953621163,-0.9390508403992196
326,0.5300086071343512,0.5300086071343512,0.8764194614705281,-0.9443296692156534,-1.121416137620179,-1.066344624453926
327,0.5369368242210747,0.5369368242210747,0.8833476785572515,-0.6665573016765438,-1.0935885167528345,-1.209859226910732
328,0.5438650413077981,0.5438650413077981,0.890275895643975,-0.7509398921055322,-1.1588951536853056,-1.2332925313986804
329,0.5507932583945215,0.5507932583945215,0.8972041127306984,-0.7213846465936007,-1.110988062405052,-1.0312785655645622
330,0.5577214754812454,0.5577214754812454,0.9041323298174222,-0.5648565006040807,-1.1708024988515826,-1.2878989984773563
331,0.5646496925679688,0.5646496925679688,0.9110605469041457,-0.7403430239522858,-0.8580061155293028,-1.201887712949704
332,0.5715779096546922,0.5715779096546922,0.9179887639908691,-0.7525274990896901,-1.1447516200891905,-1.2285348873826716
333,0.5785061267414158,0.5785061267414158,0.9249169810775929,-0.8051412453192313,-0.9854858899910272,-1.1555841764347423
334,0.5854343438281395,0.5854343438281395,0.9318451981643164,-0.8509343542244093,-0.9496049782307854,-1.0256182792483441
335,0.592362560914863,0.592362560914863,0.9387734152510399,-0.652546547851573,-0.9542022050690031,-1.3075847506607026
336,0.5992907780015865,0.5992907780015865,0.9457016323377633,-0.8372379254236479,-0.9389938442398533,-0.9819103111569941
337,0.6062189950883099,0.6062189950883099,0.9526298494244871,-0.7195532312011849,-0.8863936259425703,-1.0624952023931409
338,0.6131472121750337,0.6131472121750337,0.9595580665112106,-0.7958439304989435,-1.0025701440707684,-1.0030381218501088
339,0.6200754292617572,0.6200754292617572,0.966486283597934,-0.6746990968052852,-1.0095109009694625,-1.0861051257755183
340,0.6270036463484806,0.6270036463484806,0.9734145006846575,-0.5379746596489873,-0.9574554751850646,-1.3243115639313567
341,0.6339318634352044,0.6339318634352044,0.9803427177713813,-0.6362576669868919,-1.0712588363172604,-1.0596326927510247
342,0.6408600805219279,0.6408600805219279,0.9872709348581047,-0.8496879410218119,-0.8745230679057262,-1.0504659054478747
343,0.6477882976086513,0.6477882976086513,0.9941991519448282,-0.8499664094928696,-0.8721312046640053,-1.1541731871149634
344,0.6547165146953747,0.6547165146953747,1.0011273690315516,-0.9434876998403094,-0.9927190555776404,-1.2124376181995573
345,0.6616447317820986,0.6616447317820986,1.0080555861182754,-0.8085472778488989,-1.0605790720276391,-1.1608594411203241
346,0.668572948868822,0.668572948868822,1.014983803204999,-0.654694753554367,-0.8440984348910521,-0.9872662681165074
347,0.6755011659555454,0.6755011659555454,1.0219120202917225,-0.6919842770610264,-0.945711964102929,-0.9652871392978181
348,0.682429383042269,0.682429383042269,1.0288402373784462,-0.7546725677427243,-0.9534439090726924,-0.972308447521985
349,0.6893576001289927,0.6893576001289927,1.0357684544651695,-0.8316504413399874,-1.1205450125225822,-1.02079766683978
350,0.6962858172157161,0.6962858172157161,1.042696671551893,-0.5849832340393437,-1.0585354405618908,-0.8345905966210658
351,0.7032140343024397,0.7032140343024397,1.0496248886386166,-0.8780084338435317,-0.9413936502581937,-1.1326697134563033
352,0.7101422513891631,0.7101422513891631,1.0565531057253403,-0.8699931218865486,-1.0399287516917648,-1.0518623099682693
353,0.7170704684758868,0.7170704684758868,1.0634813228120639,-0.689221501413909,-0.8995647441734679,-0.988333743759122
354,0.7239986855626104,0.7239986855626104,1.0704095398987872,-0.5632089772322417,-0.9942194090562098,-0.97694084206184
355,1.0773377569855107,0.7309269026493338,1.0773377569855107,-0.8141394261091708,-0.9272202833995825,-1.0667998637952258
356,1.0842659740722345,0.7378551197360576,1.0842659740722345,-0.795055398365283,-0.7822517584248782,-1.1441624918677353
357,1.091194191158958,0.7447833368227811,1.091194191158958,-0.8853081220315225,-0.705324576088116,-1.1152366645763805
358,1.0981224082456813,0.7517115539095045,1.0981224082456813,-0.9425650188967307,-0.9010973037644094,-1.1616505415603322
359,1.1050506253324048,0.7586397709962279,1.1050506253324048,-1.0866138969707861,-0.8288710309330395,-1.1186649281745449
360,1.1119788424191286,0.7655679880829518,1.1119788424191286,-0.8483033779873719,-0.8263820862257322,-1.2482885752255888
361,1.1189070595058521,0.7724962051696749,1.1189070595058521,-1.1141389031799935,-0.7771677721933087,-1.2272625846125196
362,1.1258352765925757,0.7794244222563983,1.1258352765925757,-0.9881387871687934,-0.729569667377514,-1.1863592934127636
363,1.1327634936792994,0.7863526393431218,1.1327634936792994,-1.041459471224458,-0.5140869669419657,-1.0580132458643667
364,1.1396917107660227,0.7932808564298452,1.1396917107660227,-0.9860206076368472,-0.6903395183821762,-0.950424412727717
365,1.1466199278527462,0.800209073516569,1.1466199278527462,-0.9545567111688734,-0.590292948026216,-1.0765051436244195
366,1.1535481449394693,0.8071372906032925,1.1535481449394693,-0.8509831061593942,-0.658107618785299,-1.1010363623888095
367,1.1604763620261929,0.814065507690016,1.1604763620261929,-0.8715027013396676,-0.4860753434116172,-1.1480110054423827
368,1.1674045791129166,0.8209937247767397,1.1674045791129166,-0.8895473378587457,-0.3967004552306729,-0.9486042516975253
369,1.1743327961996401,0.8279219418634632,1.1743327961996401,-0.8209242113868135,-0.43583242103400877,-0.9732903445340421
370,1.1812610132863635,0.8348501589501867,1.1812610132863635,-0.7195296227624112,-0.5175877843186858,-0.7667056824197473
371,1.188189230373087,0.8417783760369101,1.188189230373087,-0.7539719763693171,-0.6377092835431989,-1.1208148635953463
372,1.1951174474598107,0.848706593123634,1.1951174474598107,-0.7694170153779091,-0.6175803740998946,-1.030756097538503
373,1.2020456645465343,0.8556348102103574,1.2020456645465343,-0.8143574696756022,-0.6521024678323323,-1.003513682494551
374,1.2089738816332578,0.8625630272970808,1.2089738816332578,-0.7543745913965946,-0.7814707173222315,-1.143030321322477
375,1.2159020987199816,0.8694912443838043,1.2159020987199816,-0.7351845885158516,-0.9214151645262287,-1.1163790895772303
376,1.2228303158067049,0.8764194614705281,1.2228303158067049,-0.7067294160033485,-0.9593506669103038,-1.0633306966907694
377,1.2297585328934284,0.8833476785572515,1.2297585328934284,-0.6986766107874596,-1.1572599344503813,-1.1344730935999083
378,1.236686749980152,0.890275895643975,1.236686749980152,-0.790673363516434,-1.250858666055315,-1.1889328149642409
379,1.2436149670668752,0.8972041127306984,1.2436149670668752,-0.6042432004924863,-1.2468872170628094,-1.166094980521804
380,1.2505431841535988,0.9041323298174222,1.2505431841535988,-0.7677519768063188,-1.2388680908356409,-1.0619808949741263
381,1.257471401240323,0.9110605469041457,1.257471401240323,-0.7835705636951833,-1.3291033761136868,-0.8424486329318133
382,1.2643996183270463,0.9179887639908691,1.2643996183270463,-0.8616725314670235,-1.1765145320898305,-0.90250738455843
383,1.2713278354137698,0.9249169810775929,1.2713278354137698,-0.7373238159959716,-1.336511417015223,-0.9758628169469241
384,1.2782560525004933,0.9318451981643164,1.2782560525004933,-0.730683509275057,-1.2166340183737663,-1.004373573089435
385,1.2851842695872167,0.9387734152510399,1.2851842695872167,-0.7604482660788231,-0.9971224532921832,-1.1530027563982066
386,1.2921124866739402,0.9457016323377633,1.2921124866739402,-0.875061519550411,-1.19163886305917,-1.1170088571566221
387,1.2990407037606637,0.9526298494244871,1.2990407037606637,-0.9280868205047231,-1.091242416478009,-1.1915912330205414
388,1.3059689208473872,0.9595580665112106,1.3059689208473872,-0.9694560789665974,-1.2579681902910187,-1.2079713490911836
389,1.3128971379341112,0.966486283597934,1.3128971379341112,-0.971662005324815,-1.139977536273568,-0.9316928287614534
390,1.3198253550208348,0.9734145006846575,1.3198253550208348,-0.8495500697330617,-0.8559353653714079,-1.2749105127801614
391,1.326753572107558,0.9803427177713813,1.326753572107558,-0.9367843927375757,-1.056366940258376,-1.0786941234140277
392,1.3336817891942816,0.9872709348581047,1.3336817891942816,-0.9491738022627251,-1.212296117436783,-1.0878096069146037
393,1.3406100062810051,0.9941991519448282,1.3406100062810051,-0.9138485446058744,-0.9811392593328834,-1.2932167140883348
394,1.3475382233677287,1.0011273690315516,1.3475382233677287,-0.8649745743844371,-1.060687625109354,-0.9924452556747101
395,1.354466440454452,1.0080555861182754,1.354466440454452,-0.7183229047586991,-1.0828000203492978,-0.9898779672106736
396,1.3613946575411762,1.014983803204999,1.3613946575411762,-0.649305519406087,-1.1518429630737614,-1.0785343838953456
397,1.3683228746278995,1.0219120202917225,1.3683228746278995,-0.6706318617475013,-1.17942153594643,-0.8168393951967462
398,1.375251091714623,1.0288402373784462,1.375251091714623,-0.5596345382485329,-0.9010840920055612,-0.9214049820149234
399,1.3821793088013465,1.0357684544651695,1.3821793088013465,-0.5890640668318167,-1.1689000076051375,-0.761319406694835
400,1.38910752588807,1.042696671551893,1.38910752588807,-0.6707560832092461,-1.10528120128275,-0.5882209826477365
401,1.3960357429747934,1.0496248886386166,1.3960357429747934,-0.5710412244530627,-0.9300985924047466,-0.666756008100001
402,1.402963960061517,1.0565531057253403,1.402963960061517,-0.2908220571135709,-1.183217260348028,-0.7486391042553857
403,1.4098921771482404,1.0634813228120639,1.4098921771482404,-0.3323343258573135,-1.0528623850319352,-0.6274532815272721
404,1.4168203942349644,1.0704095398987872,1.4168203942349644,-0.2890981724368346,-1.0027150913741614,-0.6454414110529115
405,1.423748611321688,1.0773377569855107,1.423748611321688,-0.539896620303715,-1.2603238049188417,-0.5111041440406807
406,1.4306768284084115,1.0842659740722345,1.4306768284084115,-0.26427591072512424,-0.9729412301664768,-0.6790967037209155
407,1.4376050454951348,1.091194191158958,1.4376050454951348,-0.4874832852881307,-1.171915800581522,-0.6265939656871127
408,1.4445332625818583,1.0981224082456813,1.4445332625818583,-0.31451277690988816,-1.1324310116174705,-0.6309020870865375
409,1.4514614796685819,1.1050506253324048,1.4514614796685819,-0.5154490581283775,-1.1122375530116226,-0.6081242799668771
410,1.4583896967553052,1.1119788424191286,1.4583896967553052,-0.5515674189896955,-1.2270441952487399,-0.5996184522548154
411,1.4653179138420294,1.1189070595058521,1.4653179138420294,-0.3754848401295297,-1.1952467554847273,-0.667334379200653
412,1.472246130928753,1.1258352765925757,1.472246130928753,-0.6073040703100494,-1.188811154808967,-0.4574007652824795
413,1.4791743480154762,1.1327634936792994,1.4791743480154762,-0.4445973571461189,-1.1509676973160814,-0.49660578330296135
414,1.4861025651021997,1.1396917107660227,1.4861025651021997,-0.4288121119666222,-1.1369001113421242,-0.6106346221851838
415,1.4930307821889233,1.1466199278527462,1.4930307821889233,-0.5040655114599345,-0.9347699019745233,-0.719677287283222
416,1.4999589992756466,1.1535481449394693,1.4999589992756466,-0.3959793504215574,-1.1324806996045043,-0.8408415159921536
417,1.50688721636237,1.1604763620261929,1.50688721636237,-0.8744130315861502,-1.092328957526574,-0.6413638115392575
418,1.5138154334490936,1.1674045791129166,1.5138154334490936,-0.8910610756878483,-1.1576439972745882,-0.8115127273509102
419,1.5207436505358176,1.1743327961996401,1.5207436505358176,-0.814951005207276,-0.8868265768213388,-0.9281469081859766
420,1.5276718676225411,1.1812610132863635,1.5276718676225411,-0.9153621321155712,-1.2420201123114842,-0.9946196671964317
421,1.5346000847092647,1.188189230373087,1.5346000847092647,-0.9697495394067339,-0.8494325269967351,-0.8955075391736753
422,1.5415283017959873,1.1951174474598107,1.5415283017959873,-1.0609543360205165,-1.1483640893624103,-1.0599798667458797
423,1.5484565188827115,1.2020456645465343,1.5484565188827115,-0.8930532612416321,-1.1042262604007886,-1.2198419364366309
424,1.555384735969435,1.2089738816332578,1.555384735969435,-0.8738788620670082,-0.8591180190002544,-1.2079897314973118
425,1.5623129530561584,1.2159020987199816,1.5623129530561584,-0.8421941216562341,-1.0927898201079942,-1.236060109091996
426,1.569241170142882,1.2228303158067049,1.569241170142882,-0.7657235197932696,-0.9816810848367747,-0.8846944158133092
427,1.5761693872296054,1.2297585328934284,1.5761693872296054,-0.7996399043027965,-0.8365967659613309,-0.9077659575696484
428,1.5830976043163287,1.5830976043163287,1.5830976043163287,-0.8664737459412816,-0.9183398013646475,-1.0712276115421762
429,1.5900258214030523,1.5900258214030523,1.5900258214030523,-0.7023925348276717,-0.8807911978888268,-0.9665269364658543
430,1.5969540384897758,1.5969540384897758,1.5969540384897758,-0.7703419142708612,-0.9785691686667276,-0.6834851251662006
431,1.6038822555764998,1.6038822555764998,1.6038822555764998,-0.46184206887733414,-1.0923610964941417,-0.9534016251108154
432,1.6108104726632233,1.6108104726632233,1.6108104726632233,-0.6198982033013093,-0.9368071635819893,-0.9870345504220998
433,1.6177386897499468,1.6177386897499468,1.6177386897499468,-0.6383810943173412,-0.8191280351582516,-0.7657312485900458
434,1.6246669068366701,1.6246669068366701,1.6246669068366701,-0.582505352058041,-0.7732432849990096,-0.9928111711444755
435,1.6315951239233937,1.6315951239233937,1.6315951239233937,-0.4545601329383464,-0.7868527096923358,-0.950995061894536
436,1.6385233410101172,1.6385233410101172,1.6385233410101172,-0.5499109691711925,-0.7125344109784817,-0.7455077911987917
437,1.6454515580968405,1.6454515580968405,1.6454515580968405,-0.4978319401336422,-0.7565546918159459,-0.5456547798510465
438,1.6523797751835647,1.6523797751835647,1.6523797751835647,-0.5501017871701758,-0.5469791654254125,-0.8751803305423915
439,1.6593079922702882,1.6593079922702882,1.6593079922702882,-0.6359836599265855,-0.7577140371205491,-0.7526130370712236
440,1.6662362093570116,1.6662362093570116,1.6662362093570116,-0.26332287620062733,-0.7080611513871673,-0.5503652910917383
441,1.673164426443735,1.673164426443735,1.673164426443735,-0.5510966792819434,-0.4760808818342591,-0.9604243980463716
442,1.6800926435304586,1.6800926435304586,1.6800926435304586,-0.3547260768482307,-0.5914290439648097,-0.6349966695965887
443,1.687020860617182,1.687020860617182,1.687020860617182,-0.497243827620603,-0.46428867531855567,-0.6170495827337614
444,1.6939490777039055,1.6939490777039055,1.6939490777039055,-0.4625321274923265,-0.5739206040272044,-0.6577570409622163
445,1.700877294790629,1.700877294790629,1.700877294790629,-0.3564079639131109,-0.498986653914445,-0.3793723148545568
446,1.707805511877353,1.707805511877353,1.707805511877353,-0.27821671204262677,-0.281370734429152,-0.402269815412055
447,1.7147337289640765,1.7147337289640765,1.7147337289640765,-0.3585500345707483,-0.2865066020703674,-0.5731186777659475
448,1.7216619460508,1.7216619460508,1.7216619460508,-0.4881254176015189,-0.3856570035197723,-0.5396604505866267
449,1.7285901631375233,1.7285901631375233,1.7285901631375233,-0.4294198186997826,-0.23027196144612588,-0.35809150350280833
